split,model,lead,factor,penalty,mean_inventory,shortage,fill_rate,cost
test,moving_average,0,0.0,2,64.60666666666667,29669.0,0.699624391281018,78720.0
test,moving_average,0,0.0,5,64.60666666666667,29669.0,0.699624391281018,167727.0
test,moving_average,0,0.0,10,64.60666666666667,29669.0,0.699624391281018,316072.0
test,moving_average,0,0.5,2,119.28666666666666,21018.0,0.7872090551061525,77822.0
test,moving_average,0,0.5,5,119.28666666666666,21018.0,0.7872090551061525,140876.0
test,moving_average,0,0.5,10,119.28666666666666,21018.0,0.7872090551061525,245966.0
test,moving_average,0,1.0,2,184.83333333333334,15671.0,0.8413432820710113,86792.0
test,moving_average,0,1.0,5,184.83333333333334,15671.0,0.8413432820710113,133805.0
test,moving_average,0,1.0,10,184.83333333333334,15671.0,0.8413432820710113,212160.0
test,moving_average,0,1.5,2,255.58666666666667,11868.0,0.8798457068227147,100412.0
test,moving_average,0,1.5,5,255.58666666666667,11868.0,0.8798457068227147,136016.0
test,moving_average,0,1.5,10,255.58666666666667,11868.0,0.8798457068227147,195356.0
test,moving_average,0,2.0,2,330.52,9319.0,0.905652354388345,117794.0
test,moving_average,0,2.0,5,330.52,9319.0,0.905652354388345,145751.0
test,moving_average,0,2.0,10,330.52,9319.0,0.905652354388345,192346.0
test,moving_average,0,3.0,2,485.6166666666667,5816.0,0.941117511870653,157317.0
test,moving_average,0,3.0,5,485.6166666666667,5816.0,0.941117511870653,174765.0
test,moving_average,0,3.0,10,485.6166666666667,5816.0,0.941117511870653,203845.0
test,moving_average,1,0.0,2,130.32666666666665,34524.0,0.6504712826379678,108146.0
test,moving_average,1,0.0,5,130.32666666666665,34524.0,0.6504712826379678,211718.0
test,moving_average,1,0.0,10,130.32666666666665,34524.0,0.6504712826379678,384338.0
test,moving_average,1,0.5,2,194.93666666666667,27628.0,0.7202879329371387,113737.0
test,moving_average,1,0.5,5,194.93666666666667,27628.0,0.7202879329371387,196621.0
test,moving_average,1,0.5,10,194.93666666666667,27628.0,0.7202879329371387,334761.0
test,moving_average,1,1.0,2,271.4033333333333,22742.0,0.7697548925313598,126905.0
test,moving_average,1,1.0,5,271.4033333333333,22742.0,0.7697548925313598,195131.0
test,moving_average,1,1.0,10,271.4033333333333,22742.0,0.7697548925313598,308841.0
test,moving_average,1,1.5,2,357.85333333333335,19492.0,0.8026586212831441,146340.0
test,moving_average,1,1.5,5,357.85333333333335,19492.0,0.8026586212831441,204816.0
test,moving_average,1,1.5,10,357.85333333333335,19492.0,0.8026586212831441,302276.0
test,moving_average,1,2.0,2,449.18,16965.0,0.8282425359156854,168684.0
test,moving_average,1,2.0,5,449.18,16965.0,0.8282425359156854,219579.0
test,moving_average,1,2.0,10,449.18,16965.0,0.8282425359156854,304404.0
test,moving_average,1,3.0,2,640.8733333333333,13286.0,0.8654895568627053,218834.0
test,moving_average,1,3.0,5,640.8733333333333,13286.0,0.8654895568627053,258692.0
test,moving_average,1,3.0,10,640.8733333333333,13286.0,0.8654895568627053,325122.0
test,naive,0,0.0,2,141.86,26877.0,0.7278912253348587,96312.0
test,naive,0,0.0,5,141.86,26877.0,0.7278912253348587,176943.0
test,naive,0,0.0,10,141.86,26877.0,0.7278912253348587,311328.0
test,naive,0,0.5,2,198.99666666666667,18866.0,0.8089963856519494,97431.0
test,naive,0,0.5,5,198.99666666666667,18866.0,0.8089963856519494,154029.0
test,naive,0,0.5,10,198.99666666666667,18866.0,0.8089963856519494,248359.0
test,naive,0,1.0,2,267.47,14352.0,0.8546971338321201,108945.0
test,naive,0,1.0,5,267.47,14352.0,0.8546971338321201,152001.0
test,naive,0,1.0,10,267.47,14352.0,0.8546971338321201,223761.0
test,naive,0,1.5,2,340.30333333333334,11194.0,0.8866694339546233,124479.0
test,naive,0,1.5,5,340.30333333333334,11194.0,0.8866694339546233,158061.0
test,naive,0,1.5,10,340.30333333333334,11194.0,0.8866694339546233,214031.0
test,naive,0,2.0,2,415.38666666666666,8687.0,0.9120508641025381,141990.0
test,naive,0,2.0,5,415.38666666666666,8687.0,0.9120508641025381,168051.0
test,naive,0,2.0,10,415.38666666666666,8687.0,0.9120508641025381,211486.0
test,naive,0,3.0,2,570.45,5178.0,0.947576766930234,181491.0
test,naive,0,3.0,5,570.45,5178.0,0.947576766930234,197025.0
test,naive,0,3.0,10,570.45,5178.0,0.947576766930234,222915.0
test,naive,1,0.0,2,358.53,27297.0,0.723639051157705,162153.0
test,naive,1,0.0,5,358.53,27297.0,0.723639051157705,244044.0
test,naive,1,0.0,10,358.53,27297.0,0.723639051157705,380529.0
test,naive,1,0.5,2,426.41,21422.0,0.7831188685166999,170767.0
test,naive,1,0.5,5,426.41,21422.0,0.7831188685166999,235033.0
test,naive,1,0.5,10,426.41,21422.0,0.7831188685166999,342143.0
test,naive,1,1.0,2,504.9866666666667,17231.0,0.8255494922701548,185958.0
test,naive,1,1.0,5,504.9866666666667,17231.0,0.8255494922701548,237651.0
test,naive,1,1.0,10,504.9866666666667,17231.0,0.8255494922701548,323806.0
test,naive,1,1.5,2,587.12,14259.0,0.8556386866856327,204654.0
test,naive,1,1.5,5,587.12,14259.0,0.8556386866856327,247431.0
test,naive,1,1.5,10,587.12,14259.0,0.8556386866856327,318726.0
test,naive,1,2.0,2,680.32,12554.0,0.8729004890000304,229204.0
test,naive,1,2.0,5,680.32,12554.0,0.8729004890000304,266866.0
test,naive,1,2.0,10,680.32,12554.0,0.8729004890000304,329636.0
test,naive,1,3.0,2,870.49,10109.0,0.8976542172456036,281365.0
test,naive,1,3.0,5,870.49,10109.0,0.8976542172456036,311692.0
test,naive,1,3.0,10,870.49,10109.0,0.8976542172456036,362237.0
test,ridge,0,0.0,2,56.83,32301.0,0.6729774331041883,81651.0
test,ridge,0,0.0,5,56.83,32301.0,0.6729774331041883,178554.0
test,ridge,0,0.0,10,56.83,32301.0,0.6729774331041883,340059.0
test,ridge,0,0.5,2,113.03,24133.0,0.7556720966255961,82175.0
test,ridge,0,0.5,5,113.03,24133.0,0.7556720966255961,154574.0
test,ridge,0,0.5,10,113.03,24133.0,0.7556720966255961,275239.0
test,ridge,0,1.0,2,177.0,18303.0,0.8146963238941816,89706.0
test,ridge,0,1.0,5,177.0,18303.0,0.8146963238941816,144615.0
test,ridge,0,1.0,10,177.0,18303.0,0.8146963238941816,236130.0
test,ridge,0,1.5,2,245.76,13913.0,0.8591416682696689,101554.0
test,ridge,0,1.5,5,245.76,13913.0,0.8591416682696689,143293.0
test,ridge,0,1.5,10,245.76,13913.0,0.8591416682696689,212858.0
test,ridge,0,2.0,2,318.0133333333333,10572.0,0.8929667014265031,116548.0
test,ridge,0,2.0,5,318.0133333333333,10572.0,0.8929667014265031,148264.0
test,ridge,0,2.0,10,318.0133333333333,10572.0,0.8929667014265031,201124.0
test,ridge,0,3.0,2,469.9,6091.0,0.9383333502070403,153152.0
test,ridge,0,3.0,5,469.9,6091.0,0.9383333502070403,171425.0
test,ridge,0,3.0,10,469.9,6091.0,0.9383333502070403,201880.0
test,ridge,1,0.0,2,119.90333333333334,36675.0,0.6286940763164023,109321.0
test,ridge,1,0.0,5,119.90333333333334,36675.0,0.6286940763164023,219346.0
test,ridge,1,0.0,10,119.90333333333334,36675.0,0.6286940763164023,402721.0
test,ridge,1,0.5,2,185.1,30325.0,0.6929829001852733,116180.0
test,ridge,1,0.5,5,185.1,30325.0,0.6929829001852733,207155.0
test,ridge,1,0.5,10,185.1,30325.0,0.6929829001852733,358780.0
test,ridge,1,1.0,2,259.06666666666666,25148.0,0.745396009030808,128016.0
test,ridge,1,1.0,5,259.06666666666666,25148.0,0.745396009030808,203460.0
test,ridge,1,1.0,10,259.06666666666666,25148.0,0.745396009030808,329200.0
test,ridge,1,1.5,2,342.95666666666665,21241.0,0.7849513531025685,145369.0
test,ridge,1,1.5,5,342.95666666666665,21241.0,0.7849513531025685,209092.0
test,ridge,1,1.5,10,342.95666666666665,21241.0,0.7849513531025685,315297.0
test,ridge,1,2.0,2,431.25,18067.0,0.8170856408127727,165509.0
test,ridge,1,2.0,5,431.25,18067.0,0.8170856408127727,219710.0
test,ridge,1,2.0,10,431.25,18067.0,0.8170856408127727,310045.0
test,ridge,1,3.0,2,619.7266666666667,13728.0,0.8610146497524627,213374.0
test,ridge,1,3.0,5,619.7266666666667,13728.0,0.8610146497524627,254558.0
test,ridge,1,3.0,10,619.7266666666667,13728.0,0.8610146497524627,323198.0
validation,moving_average,0,0.0,2,83.05,19606.0,0.7347924303705007,64127.0
validation,moving_average,0,0.0,5,83.05,19606.0,0.7347924303705007,122945.0
validation,moving_average,0,0.0,10,83.05,19606.0,0.7347924303705007,220975.0
validation,moving_average,0,0.5,2,153.36333333333334,12433.0,0.8318205797611157,70875.0
validation,moving_average,0,0.5,5,153.36333333333334,12433.0,0.8318205797611157,108174.0
validation,moving_average,0,0.5,10,153.36333333333334,12433.0,0.8318205797611157,170339.0
validation,moving_average,0,1.0,2,233.56666666666666,8266.0,0.8881869952791267,86602.0
validation,moving_average,0,1.0,5,233.56666666666666,8266.0,0.8881869952791267,111400.0
validation,moving_average,0,1.0,10,233.56666666666666,8266.0,0.8881869952791267,152730.0
validation,moving_average,0,1.5,2,317.87333333333333,5333.0,0.9278612685487034,106028.0
validation,moving_average,0,1.5,5,317.87333333333333,5333.0,0.9278612685487034,122027.0
validation,moving_average,0,1.5,10,317.87333333333333,5333.0,0.9278612685487034,148692.0
validation,moving_average,0,2.0,2,407.60333333333335,4022.0,0.945594978830468,130325.0
validation,moving_average,0,2.0,5,407.60333333333335,4022.0,0.945594978830468,142391.0
validation,moving_average,0,2.0,10,407.60333333333335,4022.0,0.945594978830468,162501.0
validation,moving_average,0,3.0,2,593.0466666666666,3187.0,0.9568899049061912,184288.0
validation,moving_average,0,3.0,5,593.0466666666666,3187.0,0.9568899049061912,193849.0
validation,moving_average,0,3.0,10,593.0466666666666,3187.0,0.9568899049061912,209784.0
validation,moving_average,1,0.0,2,181.82666666666665,22996.0,0.6889363831888214,100540.0
validation,moving_average,1,0.0,5,181.82666666666665,22996.0,0.6889363831888214,169528.0
validation,moving_average,1,0.0,10,181.82666666666665,22996.0,0.6889363831888214,284508.0
validation,moving_average,1,0.5,2,269.96666666666664,17843.0,0.758640280276489,116676.0
validation,moving_average,1,0.5,5,269.96666666666664,17843.0,0.758640280276489,170205.0
validation,moving_average,1,0.5,10,269.96666666666664,17843.0,0.758640280276489,259420.0
validation,moving_average,1,1.0,2,364.78333333333336,13713.0,0.8145062020641984,136861.0
validation,moving_average,1,1.0,5,364.78333333333336,13713.0,0.8145062020641984,178000.0
validation,moving_average,1,1.0,10,364.78333333333336,13713.0,0.8145062020641984,246565.0
validation,moving_average,1,1.5,2,467.2,10732.0,0.8548297644974097,161624.0
validation,moving_average,1,1.5,5,467.2,10732.0,0.8548297644974097,193820.0
validation,moving_average,1,1.5,10,467.2,10732.0,0.8548297644974097,247480.0
validation,moving_average,1,2.0,2,580.05,9318.0,0.8739567411094729,192651.0
validation,moving_average,1,2.0,5,580.05,9318.0,0.8739567411094729,220605.0
validation,moving_average,1,2.0,10,580.05,9318.0,0.8739567411094729,267195.0
validation,moving_average,1,3.0,2,818.78,8511.0,0.8848729151730761,262656.0
validation,moving_average,1,3.0,5,818.78,8511.0,0.8848729151730761,288189.0
validation,moving_average,1,3.0,10,818.78,8511.0,0.8848729151730761,330744.0
validation,naive,0,0.0,2,128.4,19093.0,0.7417317083068432,76706.0
validation,naive,0,0.0,5,128.4,19093.0,0.7417317083068432,133985.0
validation,naive,0,0.0,10,128.4,19093.0,0.7417317083068432,229450.0
validation,naive,0,0.5,2,201.90333333333334,12740.0,0.8276678344853707,86051.0
validation,naive,0,0.5,5,201.90333333333334,12740.0,0.8276678344853707,124271.0
validation,naive,0,0.5,10,201.90333333333334,12740.0,0.8276678344853707,187971.0
validation,naive,0,1.0,2,282.4066666666667,8679.0,0.8826004031003557,102080.0
validation,naive,0,1.0,5,282.4066666666667,8679.0,0.8826004031003557,128117.0
validation,naive,0,1.0,10,282.4066666666667,8679.0,0.8826004031003557,171512.0
validation,naive,0,1.5,2,366.6533333333333,5729.0,0.9225046329487196,121454.0
validation,naive,0,1.5,5,366.6533333333333,5729.0,0.9225046329487196,138641.0
validation,naive,0,1.5,10,366.6533333333333,5729.0,0.9225046329487196,167286.0
validation,naive,0,2.0,2,456.4166666666667,4422.0,0.9401842358001813,145769.0
validation,naive,0,2.0,5,456.4166666666667,4422.0,0.9401842358001813,159035.0
validation,naive,0,2.0,10,456.4166666666667,4422.0,0.9401842358001813,181145.0
validation,naive,0,3.0,2,640.5033333333333,3200.0,0.956714055757707,198551.0
validation,naive,0,3.0,5,640.5033333333333,3200.0,0.956714055757707,208151.0
validation,naive,0,3.0,10,640.5033333333333,3200.0,0.956714055757707,224151.0
validation,naive,1,0.0,2,351.25333333333333,22745.0,0.6923316244403263,150866.0
validation,naive,1,0.0,5,351.25333333333333,22745.0,0.6923316244403263,219101.0
validation,naive,1,0.0,10,351.25333333333333,22745.0,0.6923316244403263,332826.0
validation,naive,1,0.5,2,437.11,17702.0,0.760547567194665,166537.0
validation,naive,1,0.5,5,437.11,17702.0,0.760547567194665,219643.0
validation,naive,1,0.5,10,437.11,17702.0,0.760547567194665,308153.0
validation,naive,1,1.0,2,529.2766666666666,14084.0,0.8094877379036076,186951.0
validation,naive,1,1.0,5,529.2766666666666,14084.0,0.8094877379036076,229203.0
validation,naive,1,1.0,10,529.2766666666666,14084.0,0.8094877379036076,299623.0
validation,naive,1,1.5,2,623.0833333333334,11256.0,0.8477416911277341,209437.0
validation,naive,1,1.5,5,623.0833333333334,11256.0,0.8477416911277341,243205.0
validation,naive,1,1.5,10,623.0833333333334,11256.0,0.8477416911277341,299485.0
validation,naive,1,2.0,2,733.13,9642.0,0.8695740392549407,239223.0
validation,naive,1,2.0,5,733.13,9642.0,0.8695740392549407,268149.0
validation,naive,1,2.0,10,733.13,9642.0,0.8695740392549407,316359.0
validation,naive,1,3.0,2,969.6266666666667,8577.0,0.8839801425730789,308042.0
validation,naive,1,3.0,5,969.6266666666667,8577.0,0.8839801425730789,333773.0
validation,naive,1,3.0,10,969.6266666666667,8577.0,0.8839801425730789,376658.0
validation,ridge,0,0.0,2,91.49,16606.0,0.7753730030976503,60659.0
validation,ridge,0,0.0,5,91.49,16606.0,0.7753730030976503,110477.0
validation,ridge,0,0.0,10,91.49,16606.0,0.7753730030976503,193507.0
validation,ridge,0,0.5,2,166.16,10769.0,0.8543292707671081,71386.0
validation,ridge,0,0.5,5,166.16,10769.0,0.8543292707671081,103693.0
validation,ridge,0,0.5,10,166.16,10769.0,0.8543292707671081,157538.0
validation,ridge,0,1.0,2,248.40333333333334,7226.0,0.9022549271578719,88973.0
validation,ridge,0,1.0,5,248.40333333333334,7226.0,0.9022549271578719,110651.0
validation,ridge,0,1.0,10,248.40333333333334,7226.0,0.9022549271578719,146781.0
validation,ridge,0,1.5,2,335.27,5042.0,0.931797584103237,110665.0
validation,ridge,0,1.5,5,335.27,5042.0,0.931797584103237,125791.0
validation,ridge,0,1.5,10,335.27,5042.0,0.931797584103237,151001.0
validation,ridge,0,2.0,2,425.54333333333335,3902.0,0.9472182017395538,135467.0
validation,ridge,0,2.0,5,425.54333333333335,3902.0,0.9472182017395538,147173.0
validation,ridge,0,2.0,10,425.54333333333335,3902.0,0.9472182017395538,166683.0
validation,ridge,0,3.0,2,610.75,2998.0,0.9594464809880017,189221.0
validation,ridge,0,3.0,5,610.75,2998.0,0.9594464809880017,198215.0
validation,ridge,0,3.0,10,610.75,2998.0,0.9594464809880017,213205.0
validation,ridge,1,0.0,2,173.72666666666666,19067.0,0.7420834066038119,90252.0
validation,ridge,1,0.0,5,173.72666666666666,19067.0,0.7420834066038119,147453.0
validation,ridge,1,0.0,10,173.72666666666666,19067.0,0.7420834066038119,242788.0
validation,ridge,1,0.5,2,268.67,14969.0,0.7975164689490984,110539.0
validation,ridge,1,0.5,5,268.67,14969.0,0.7975164689490984,155446.0
validation,ridge,1,0.5,10,268.67,14969.0,0.7975164689490984,230291.0
validation,ridge,1,1.0,2,370.85333333333335,11981.0,0.8379347193853396,135218.0
validation,ridge,1,1.0,5,370.85333333333335,11981.0,0.8379347193853396,171161.0
validation,ridge,1,1.0,10,370.85333333333335,11981.0,0.8379347193853396,231066.0
validation,ridge,1,1.5,2,477.6,9695.0,0.8688571158034277,162670.0
validation,ridge,1,1.5,5,477.6,9695.0,0.8688571158034277,191755.0
validation,ridge,1,1.5,10,477.6,9695.0,0.8688571158034277,240230.0
validation,ridge,1,2.0,2,593.9133333333333,8845.0,0.8803549447427867,195864.0
validation,ridge,1,2.0,5,593.9133333333333,8845.0,0.8803549447427867,222399.0
validation,ridge,1,2.0,10,593.9133333333333,8845.0,0.8803549447427867,266624.0
validation,ridge,1,3.0,2,833.6366666666667,8209.0,0.8889580261609425,266509.0
validation,ridge,1,3.0,5,833.6366666666667,8209.0,0.8889580261609425,291136.0
validation,ridge,1,3.0,10,833.6366666666667,8209.0,0.8889580261609425,332181.0
