split,model,product_id,mae,wape
test,moving_average,15056N,35.083333333333336,0.8096153846153846
test,moving_average,20685,27.0625,0.5306372549019608
test,moving_average,20725,85.02083333333333,0.2869901547116737
test,moving_average,21137,187.64583333333334,0.6759981987391174
test,moving_average,21232,123.25,0.5135416666666667
test,moving_average,21621,10.416666666666666,0.3993610223642173
test,moving_average,21623,27.125,1.2865612648221343
test,moving_average,21754,10.5,0.2545454545454545
test,moving_average,21843,34.6875,0.7824248120300752
test,moving_average,21931,95.33333333333333,0.33627278071722516
test,moving_average,22189,104.89583333333333,1.0542294807370185
test,moving_average,22197,664.5625,0.3674492005713496
test,moving_average,22386,272.1458333333333,0.5098750975800156
test,moving_average,22411,147.72916666666666,0.49243055555555554
test,moving_average,22423,49.166666666666664,0.2961847389558233
test,moving_average,47566,87.77083333333333,0.499407302038881
test,moving_average,48138,97.91666666666667,1.092007434944238
test,moving_average,48185,92.60416666666667,1.419220945083014
test,moving_average,48194,96.04166666666667,1.232620320855615
test,moving_average,79321,157.14583333333334,0.5401747350329419
test,moving_average,84879,254.02083333333334,0.2956595538312318
test,moving_average,85099B,634.3333333333334,0.5399347425166691
test,moving_average,85099C,144.4375,0.47176102340773
test,moving_average,85099F,241.27083333333334,0.7290984638630068
test,moving_average,85123A,335.9791666666667,0.5347857806075076
test,naive,15056N,45.916666666666664,1.0596153846153846
test,naive,20685,32.916666666666664,0.6454248366013072
test,naive,20725,103.08333333333333,0.34796061884669477
test,naive,21137,257.25,0.9267487241068748
test,naive,21232,202.33333333333334,0.8430555555555556
test,naive,21621,17.75,0.6805111821086262
test,naive,21623,24.833333333333332,1.1778656126482214
test,naive,21754,16.166666666666668,0.39191919191919194
test,naive,21843,35.5,0.8007518796992481
test,naive,21931,136.25,0.48059964726631393
test,naive,22189,117.41666666666667,1.1800670016750419
test,naive,22197,862.9166666666666,0.47712297839008433
test,naive,22386,276.0833333333333,0.5172521467603435
test,naive,22411,148.5,0.495
test,naive,22423,73.33333333333333,0.44176706827309237
test,naive,47566,123.58333333333333,0.7031768610715979
test,naive,48138,124.5,1.3884758364312269
test,naive,48185,102.25,1.5670498084291187
test,naive,48194,128.58333333333334,1.6502673796791443
test,naive,79321,253.75,0.8722429103408765
test,naive,84879,260.25,0.302909796314258
test,naive,85099B,702.25,0.5977443609022557
test,naive,85099C,210.08333333333334,0.686173108328797
test,naive,85099F,349.0833333333333,1.054898010576681
test,naive,85123A,478.1666666666667,0.7611089003846664
test,ridge,15056N,54.301085362276105,1.2531019698986794
test,ridge,20685,38.32483213895941,0.7514672968423414
test,ridge,20725,108.87654117153471,0.3675157507899906
test,ridge,21137,174.66402149267074,0.6292309390309364
test,ridge,21232,120.01846156747304,0.5000769231978044
test,ridge,21621,38.95172887251851,1.493357017476748
test,ridge,21623,57.3277609295536,2.7191032851962182
test,ridge,21754,11.802658825125947,0.2861250624272957
test,ridge,21843,30.83078319223971,0.6954311998249559
test,ridge,21931,86.12317424833462,0.30378544708407274
test,ridge,22189,122.91862854148131,1.2353631009194102
test,ridge,22197,867.6410498763521,0.479735179399909
test,ridge,22386,231.595350332869,0.4339022957056094
test,ridge,22411,134.80314053242728,0.4493438017747576
test,ridge,22423,61.44262385941311,0.3701362883097175
test,ridge,47566,100.09311760799454,0.5695198725917185
test,ridge,48138,80.49837871248296,0.8977514354552002
test,ridge,48185,77.56425006553742,1.1887241389354395
test,ridge,48194,84.53895012651328,1.084991873281454
test,ridge,79321,170.56929250774473,0.5863166743319785
test,ridge,84879,244.40041696590762,0.28446217299620674
test,ridge,85099B,505.63070798109356,0.43038505431785523
test,ridge,85099C,141.38385153725838,0.4617872124243605
test,ridge,85099F,205.22126201576944,0.6201599456532947
test,ridge,85123A,331.71233148423977,0.5279941607389411
validation,moving_average,15056N,82.0625,0.7723529411764706
validation,moving_average,20685,74.47916666666667,1.0768072289156627
validation,moving_average,20725,131.08333333333334,0.39692152409790565
validation,moving_average,21137,106.125,0.8389328063241107
validation,moving_average,21232,39.770833333333336,0.33119361554476057
validation,moving_average,21621,29.6875,0.7934298440979956
validation,moving_average,21623,19.333333333333332,4.0701754385964914
validation,moving_average,21754,13.041666666666666,0.3708530805687204
validation,moving_average,21843,5.9375,0.5017605633802817
validation,moving_average,21931,90.375,0.295182362547632
validation,moving_average,22189,147.14583333333334,1.470233139050791
validation,moving_average,22197,556.0833333333334,0.7575207174480645
validation,moving_average,22386,99.25,0.24261560399266652
validation,moving_average,22411,72.625,0.3164488017429194
validation,moving_average,22423,70.41666666666667,0.45675675675675675
validation,moving_average,47566,193.0625,0.4450153668843642
validation,moving_average,48138,41.270833333333336,1.3756944444444446
validation,moving_average,48185,40.083333333333336,3.317241379310345
validation,moving_average,48194,98.5625,1.4406211936662607
validation,moving_average,79321,127.0625,0.9119318181818182
validation,moving_average,84879,606.8958333333334,0.7820822594501718
validation,moving_average,85099B,324.2708333333333,0.3826580784737929
validation,moving_average,85099C,96.85416666666667,0.46139341008336643
validation,moving_average,85099F,217.125,0.5847172351885098
validation,moving_average,85123A,267.8958333333333,0.5382136279926335
validation,naive,15056N,126.66666666666667,1.192156862745098
validation,naive,20685,83.41666666666667,1.2060240963855422
validation,naive,20725,107.83333333333333,0.326520312894272
validation,naive,21137,154.58333333333334,1.2220026350461133
validation,naive,21232,49.416666666666664,0.4115197779319917
validation,naive,21621,35.0,0.9354120267260579
validation,naive,21623,20.583333333333332,4.333333333333333
validation,naive,21754,16.666666666666668,0.47393364928909953
validation,naive,21843,7.333333333333333,0.6197183098591549
validation,naive,21931,99.08333333333333,0.3236254763200871
validation,naive,22189,154.83333333333334,1.5470441298917568
validation,naive,22197,518.6666666666666,0.7065501191962765
validation,naive,22386,159.5,0.3898961091872072
validation,naive,22411,114.66666666666667,0.49963689179375453
validation,naive,22423,49.75,0.3227027027027027
validation,naive,47566,259.9166666666667,0.5991164041490588
validation,naive,48138,22.416666666666668,0.7472222222222222
validation,naive,48185,9.0,0.7448275862068966
validation,naive,48194,94.0,1.3739342265529841
validation,naive,79321,151.33333333333334,1.0861244019138756
validation,naive,84879,684.0,0.8814432989690721
validation,naive,85099B,373.5833333333333,0.44084964106598484
validation,naive,85099C,116.16666666666667,0.5533942040492259
validation,naive,85099F,286.75,0.7722172351885098
validation,naive,85123A,251.91666666666666,0.5061108320776829
validation,ridge,15056N,74.77485350070585,0.7037633270654667
validation,ridge,20685,107.45938699611276,1.553629691510064
validation,ridge,20725,106.7121640913253,0.3231254022447398
validation,ridge,21137,101.01758611015991,0.798557992965691
validation,ridge,21232,78.11394545804296,0.6504978108927936
validation,ridge,21621,47.92896690997219,1.2809523450326643
validation,ridge,21623,89.03305447234646,18.743800941546624
validation,ridge,21754,25.390648784558223,0.722008970177011
validation,ridge,21843,15.832736630685192,1.3379777434381852
validation,ridge,21931,65.50910779783624,0.2139655126766562
validation,ridge,22189,151.82620523216576,1.5169978874154781
validation,ridge,22197,426.1440506417205,0.5805118183335959
validation,ridge,22386,98.07378997346241,0.2397403706827356
validation,ridge,22411,71.20189007954087,0.310247887056823
validation,ridge,22423,67.81281697978216,0.4398669209499383
validation,ridge,47566,181.4712170393427,0.41829708115100117
validation,ridge,48138,56.2048753808632,1.8734958460287734
validation,ridge,48185,80.32965325701528,6.647971304028851
validation,ridge,48194,101.47884416289374,1.483247417728045
validation,ridge,79321,103.87561952501488,0.7455188004187671
validation,ridge,84879,576.0697380966279,0.742357909918335
validation,ridge,85099B,289.4649622080449,0.34158516535515177
validation,ridge,85099C,111.52618984573564,0.5312879230443937
validation,ridge,85099F,185.81113068354964,0.5003890413381049
validation,ridge,85123A,357.19009989234627,0.7176094422749297
