station_id,station_name,lat,lng,rides_out,rides_in,morning_out,morning_in,net_morning,evening_out,evening_in,net_evening,tide_type,cumulative_share
514.0,12 Ave & W 40 St,40.76087502,-74.00277668,51020.0,52105.0,12233.0,4559.0,7674.0,8573.0,15465.0,-6892.0,早高峰净借出,0.018963834282678265
445.0,E 10 St & Avenue A,40.72740794,-73.98142006,28979.0,30858.0,7729.0,1041.0,6688.0,3695.0,9537.0,-5842.0,早高峰净借出,0.03549108521863764
3711.0,E 13 St & Avenue A,40.72966729392978,-73.98067966103554,33865.0,31551.0,8062.0,1655.0,6407.0,5022.0,8178.0,-3156.0,早高峰净借出,0.05132393461258078
3255.0,8 Ave & W 31 St,40.7505853470215,-73.9946848154068,48307.0,48692.0,11667.0,5748.0,5919.0,7986.0,16261.0,-8275.0,早高峰净借出,0.0659508482324886
301.0,E 2 St & Avenue B,40.72217444,-73.98368779,23195.0,24104.0,6800.0,1325.0,5475.0,3134.0,7060.0,-3926.0,早高峰净借出,0.07948055799241348
438.0,St Marks Pl & 1 Ave,40.72779126,-73.98564945,27643.0,28390.0,7140.0,1695.0,5445.0,4193.0,8049.0,-3856.0,早高峰净借出,0.09293613235639356
358.0,Christopher St & Greenwich St,40.73291553,-74.00711384,44897.0,44978.0,11101.0,5953.0,5148.0,8319.0,11032.0,-2713.0,早高峰净借出,0.10565776630052018
487.0,E 20 St & FDR Drive,40.73314259,-73.97573881,21901.0,22111.0,6779.0,1957.0,4822.0,3353.0,6407.0,-3054.0,早高峰净借出,0.11757379560871338
317.0,E 6 St & Avenue B,40.72453734,-73.98185424,21449.0,21603.0,5810.0,1013.0,4797.0,2782.0,6294.0,-3512.0,早高峰净借出,0.1294280454202859
394.0,E 9 St & Avenue C,40.72521311,-73.97768752,19145.0,18059.0,5606.0,992.0,4614.0,2544.0,4668.0,-2124.0,早高峰净借出,0.1408300693165952
504.0,1 Ave & E 16 St,40.73221853,-73.98165557,33649.0,33191.0,7613.0,3218.0,4395.0,5273.0,8390.0,-3117.0,早高峰净借出,0.1516909048225075
3718.0,E 11 St & Avenue B,40.72746420692392,-73.97950418293476,18505.0,18477.0,5131.0,876.0,4255.0,2525.0,5446.0,-2921.0,早高峰净借出,0.1622057751473441
432.0,E 7 St & Avenue A,40.72621788,-73.98379855,28808.0,28024.0,5907.0,1728.0,4179.0,4321.0,6763.0,-2442.0,早高峰净借出,0.17253283580245388
150.0,E 2 St & Avenue C,40.7208736,-73.98085795,15369.0,14748.0,4810.0,1115.0,3695.0,1955.0,4474.0,-2519.0,早高峰净借出,0.18166384540298766
3164.0,Columbus Ave & W 72 St,40.7770575,-73.97898475,24613.0,20053.0,5208.0,1536.0,3672.0,3844.0,4621.0,-777.0,早高峰净借出,0.19073801786663042
3733.0,Avenue C & E 18 St,40.730563,-73.973984,12876.0,11576.0,4185.0,663.0,3522.0,1387.0,3543.0,-2156.0,早高峰净借出,0.19944151335054922
3140.0,1 Ave & E 78 St,40.77140426,-73.9535166,19681.0,19727.0,4581.0,1520.0,3061.0,3017.0,6020.0,-3003.0,早高峰净借出,0.20700579491678303
501.0,FDR Drive & E 35 St,40.744219,-73.97121214,27935.0,26776.0,5239.0,2199.0,3040.0,6534.0,7787.0,-1253.0,早高峰净借出,0.21451818170585546
3656.0,E 2 St & Avenue A,40.72307749068673,-73.98583620786667,22675.0,22940.0,5012.0,2004.0,3008.0,3333.0,5900.0,-2567.0,早高峰净借出,0.22195149073925347
393.0,E 5 St & Avenue C,40.72299208,-73.97995466,11839.0,11055.0,3464.0,475.0,2989.0,1503.0,3602.0,-2099.0,早高峰净借出,0.22933784735521975
2003.0,1 Ave & E 18 St,40.73381219196632,-73.98054420948029,23840.0,23249.0,4832.0,1887.0,2945.0,3644.0,6442.0,-2798.0,早高峰净借出,0.23661547205713368
349.0,Rivington St & Ridge St,40.71850211,-73.98329859,13973.0,13121.0,3515.0,635.0,2880.0,1946.0,3537.0,-1591.0,早高峰净借出,0.24373247006783388
307.0,Canal St & Rutgers St,40.71427487,-73.98990025,26826.0,26771.0,5093.0,2234.0,2859.0,4542.0,6197.0,-1655.0,早高峰净借出,0.25079757330137276
410.0,Suffolk St & Stanton St,40.72066442,-73.98517977,16974.0,16905.0,3663.0,852.0,2811.0,2509.0,4892.0,-2383.0,早高峰净借出,0.2577440599013999
247.0,Perry St & Bleecker St,40.73535398,-74.00483091,17306.0,17368.0,3501.0,857.0,2644.0,2518.0,5097.0,-2579.0,早高峰净借出,0.26427785946400106
3108.0,Nassau Ave & Russell St,40.72557,-73.94434,10277.0,9848.0,3278.0,653.0,2625.0,1328.0,2555.0,-1227.0,早高峰净借出,0.27076470660917057
461.0,E 20 St & 2 Ave,40.73587678,-73.98205027,24816.0,23479.0,5392.0,2850.0,2542.0,4495.0,5810.0,-1315.0,早高峰净借出,0.27704644582555943
312.0,Allen St & Stanton St,40.722055,-73.989111,28173.0,28961.0,4872.0,2413.0,2459.0,4476.0,6818.0,-2342.0,早高峰净借出,0.2831230771131677
266.0,Avenue D & E 8 St,40.72368361,-73.97574813,10283.0,9285.0,2978.0,551.0,2427.0,1123.0,2756.0,-1633.0,早高峰净借出,0.2891206306451015
3165.0,Central Park West & W 72 St,40.77579376683666,-73.9762057363987,29449.0,26727.0,3350.0,1010.0,2340.0,4783.0,4831.0,-48.0,早高峰净借出,0.2949031915287954
361.0,Allen St & Hester St,40.71605866,-73.99190759,21397.0,21667.0,4347.0,2022.0,2325.0,3702.0,5236.0,-1534.0,早高峰净借出,0.30064868471451694
3697.0,W 64 St & Thelonious Monk Circle,40.77515953434235,-73.98918695747852,13110.0,12863.0,3246.0,925.0,2321.0,2100.0,4438.0,-2338.0,早高峰净借出,0.30638429318077914
3295.0,Central Park W & W 96 St,40.79127,-73.964839,18567.0,16128.0,3216.0,921.0,2295.0,2498.0,3177.0,-679.0,早高峰净借出,0.3120556509705559
326.0,E 11 St & 1 Ave,40.72953837,-73.98426726,24518.0,24847.0,3705.0,1440.0,2265.0,3713.0,6085.0,-2372.0,早高峰净借出,0.3176528733643878
478.0,11 Ave & W 41 St,40.76030096,-73.99884222,24546.0,24476.0,4046.0,1789.0,2257.0,5115.0,6567.0,-1452.0,早高峰净借出,0.32323032631930115
422.0,W 59 St & 10 Ave,40.770513,-73.988038,15736.0,14102.0,3876.0,1650.0,2226.0,2821.0,3781.0,-960.0,早高峰净借出,0.32873117269840485
236.0,St Marks Pl & 2 Ave,40.7284186,-73.98713956,23621.0,24142.0,3302.0,1093.0,2209.0,3581.0,6211.0,-2630.0,早高峰净借出,0.3341900090198065
332.0,Cherry St,40.71219906,-73.97948148,10966.0,10935.0,2486.0,363.0,2123.0,1583.0,3223.0,-1640.0,早高峰净借出,0.33943632387283307
3173.0,Riverside Blvd & W 67 St,40.777507027547976,-73.98888587951659,14093.0,14212.0,2647.0,526.0,2121.0,1823.0,3592.0,-1769.0,早高峰净借出,0.34467769636613
3161.0,W 76 St & Columbus Ave,40.7801839724239,-73.97728532552719,11165.0,9107.0,2781.0,680.0,2101.0,1637.0,2253.0,-616.0,早高峰净借出,0.3498696452621304
532.0,S 5 Pl & S 5 St,40.710451,-73.960876,21526.0,21547.0,3369.0,1272.0,2097.0,3255.0,4535.0,-1280.0,早高峰净借出,0.3550517094386715
3166.0,Riverside Dr & W 72 St,40.78057799010334,-73.98562431335449,13712.0,13640.0,2794.0,705.0,2089.0,1843.0,3614.0,-1771.0,早高峰净借出,0.36021400417629396
3305.0,E 91 St & 2 Ave,40.78112229934166,-73.94965589046478,9445.0,9488.0,2659.0,632.0,2027.0,1126.0,2730.0,-1604.0,早高峰净借出,0.36522308576229723
3163.0,Central Park West & W 68 St,40.7734066,-73.97782542,26225.0,22382.0,3519.0,1540.0,1979.0,4794.0,4381.0,413.0,早高峰净借出,0.3701135507147888
401.0,Allen St & Rivington St,40.72019576,-73.98997825,22478.0,22546.0,3414.0,1466.0,1948.0,3446.0,5575.0,-2129.0,早高峰净借出,0.3749274090914707
3169.0,Riverside Dr & W 82 St,40.78720869,-73.98128127,9063.0,9088.0,2424.0,506.0,1918.0,1191.0,2707.0,-1516.0,早高峰净借出,0.37966713207220787
3737.0,Stanton St & Norfolk St,40.720747,-73.986274,14817.0,14888.0,2749.0,833.0,1916.0,2314.0,4002.0,-1688.0,早高峰净借出,0.3844019126932154
453.0,W 22 St & 8 Ave,40.74475148,-73.99915362,30667.0,30306.0,4095.0,2223.0,1872.0,5765.0,7194.0,-1429.0,早高峰净借出,0.3890279614001705
411.0,E 6 St & Avenue D,40.72228087,-73.97668709,13150.0,12874.0,2673.0,813.0,1860.0,1955.0,3442.0,-1487.0,早高峰净借出,0.39362435594874773
342.0,Columbia St & Rivington St,40.71739973,-73.98016555,8714.0,8674.0,2582.0,816.0,1766.0,1034.0,2344.0,-1310.0,早高峰净借出,0.39798845959003126
2009.0,Catherine St & Monroe St,40.71117444,-73.99682619,10394.0,10751.0,2493.0,743.0,1750.0,1516.0,2871.0,-1355.0,早高峰净借出,0.40231302435347754
350.0,Clinton St & Grand St,40.71559509,-73.9870295,21961.0,22317.0,3073.0,1361.0,1712.0,3921.0,5513.0,-1592.0,早高峰净借出,0.40654368428206045
3177.0,W 84 St & Broadway,40.7867947,-73.977112,10765.0,9515.0,2295.0,588.0,1707.0,1487.0,2480.0,-993.0,早高峰净借出,0.4107619883113192
3226.0,W 82 St & Central Park West,40.78275,-73.97137,12609.0,9863.0,2363.0,658.0,1705.0,1647.0,2207.0,-560.0,早高峰净借出,0.41497534998084834
383.0,Greenwich Ave & Charles St,40.735238,-74.000271,19885.0,19983.0,3148.0,1444.0,1704.0,3237.0,4894.0,-1657.0,早高峰净借出,0.41918624047051267
502.0,Henry St & Grand St,40.714215,-73.981346,14462.0,14379.0,2701.0,1026.0,1675.0,2509.0,3977.0,-1468.0,早高峰净借出,0.423325466744097
439.0,E 4 St & 2 Ave,40.7262807,-73.98978041,23679.0,23876.0,3237.0,1584.0,1653.0,3794.0,5790.0,-1996.0,早高峰净借出,0.4274103270606551
331.0,Pike St & Monroe St,40.71173107,-73.99193043,10565.0,10618.0,2166.0,549.0,1617.0,1650.0,2771.0,-1121.0,早高峰净借出,0.43140622490207947
3288.0,E 88 St & 1 Ave,40.778301,-73.9488134,8741.0,8784.0,2053.0,496.0,1557.0,1093.0,2841.0,-1748.0,早高峰净借出,0.4352538519516143
356.0,Bialystoker Pl & Delancey St,40.71622644,-73.98261206,7059.0,6517.0,2041.0,515.0,1526.0,933.0,1943.0,-1010.0,早高峰净借出,0.4390248724253395
3308.0,Kane St & Clinton St,40.6861758,-73.99645295,5450.0,5484.0,1832.0,330.0,1502.0,693.0,1794.0,-1101.0,早高峰净借出,0.4427365845823088
3236.0,W 42 St & Dyer Ave,40.75898481399634,-73.99379968643188,18097.0,17858.0,2050.0,548.0,1502.0,2683.0,5907.0,-3224.0,早高峰净借出,0.44644829673927816
339.0,Avenue D & E 12 St,40.72580614,-73.97422494,7704.0,7464.0,1999.0,517.0,1482.0,892.0,2153.0,-1261.0,早高峰净借出,0.450110585298951
3148.0,E 84 St & 1 Ave,40.77565541,-73.95068615,9965.0,10031.0,2089.0,610.0,1479.0,1483.0,2991.0,-1508.0,早高峰净借出,0.4537654603190293
244.0,Willoughby Ave & Hall St,40.69196035,-73.96536851,7216.0,6951.0,1936.0,461.0,1475.0,1126.0,1969.0,-843.0,早高峰净借出,0.45741045061964836
3151.0,E 81 St & York Ave,40.7728384,-73.94989233,8377.0,8266.0,2215.0,756.0,1459.0,1130.0,2267.0,-1137.0,早高峰净借出,0.46101590204243015
470.0,W 20 St & 8 Ave,40.74345335,-74.00004031,22642.0,21533.0,3179.0,1721.0,1458.0,4844.0,5339.0,-495.0,早高峰净借出,0.46461888228534715
302.0,Avenue D & E 3 St,40.72082834,-73.97793172,10390.0,10378.0,2456.0,1029.0,1427.0,1471.0,2614.0,-1143.0,早高峰净借出,0.4681452559524545
3323.0,W 106 St & Central Park West,40.7981856,-73.9605909006,9720.0,8625.0,1747.0,343.0,1404.0,1179.0,1847.0,-668.0,早高峰净借出,0.47161479248267085
3178.0,Riverside Dr & W 78 St,40.78414472,-73.98362492,8902.0,8858.0,1625.0,224.0,1401.0,1091.0,2243.0,-1152.0,早高峰净借出,0.4750769154732927
3290.0,E 89 St & York Ave,40.7779453,-73.946041,6658.0,6684.0,1833.0,480.0,1353.0,816.0,1865.0,-1049.0,早高峰净借出,0.47842042183040295
311.0,Norfolk St & Broome St,40.7172274,-73.98802084,20422.0,20353.0,3068.0,1725.0,1343.0,3407.0,4855.0,-1448.0,早高峰净借出,0.48173921638886485
3100.0,Nassau Ave & Newell St,40.724812564400175,-73.94752621650696,6844.0,6804.0,1838.0,498.0,1340.0,908.0,1670.0,-762.0,早高峰净借出,0.4850505974077323
3118.0,McGuinness Blvd & Eagle St,40.73555,-73.95284,9208.0,9262.0,2085.0,751.0,1334.0,1412.0,2417.0,-1005.0,早高峰净借出,0.4883471513474108
340.0,Madison St & Clinton St,40.71269042,-73.98776323,9290.0,9273.0,2124.0,792.0,1332.0,1092.0,2306.0,-1214.0,早高峰净借出,0.49163876292735964
3315.0,Henry St & Degraw St,40.6847514,-73.99917254,6221.0,6259.0,1778.0,447.0,1331.0,744.0,1931.0,-1187.0,早高峰净借出,0.4949279033274437
238.0,Bank St & Washington St,40.7361967,-74.00859207,16164.0,16349.0,2370.0,1042.0,1328.0,2582.0,3959.0,-1377.0,早高峰净借出,0.49820963018793324
408.0,Market St & Cherry St,40.71076228,-73.99400398,8010.0,8007.0,1681.0,355.0,1326.0,1081.0,2244.0,-1163.0,早高峰净借出,0.5014864146886931
366.0,Clinton Ave & Myrtle Ave,40.693261,-73.968896,7383.0,7292.0,1718.0,399.0,1319.0,1072.0,2220.0,-1148.0,早高峰净借出,0.5047459009303992
72.0,W 52 St & 11 Ave,40.76727216,-73.99392888,19754.0,19822.0,3943.0,2649.0,1294.0,3675.0,3954.0,-279.0,早高峰净借出,0.5079436076754846
3106.0,Driggs Ave & N Henry St,40.72325,-73.94308,7033.0,6978.0,1647.0,358.0,1289.0,1126.0,2031.0,-905.0,早高峰净借出,0.511128958521246
3160.0,Central Park West & W 76 St,40.77896784,-73.97374737,16288.0,14841.0,1948.0,661.0,1287.0,2469.0,3044.0,-575.0,早高峰净借出,0.5143093670072776
530.0,11 Ave & W 59 St,40.77149671054441,-73.99046033620834,22955.0,22972.0,4483.0,3203.0,1280.0,4468.0,5700.0,-1232.0,早高峰净借出,0.5174724772342555
508.0,W 46 St & 11 Ave,40.76341379,-73.99667444,19530.0,19775.0,4450.0,3183.0,1267.0,3699.0,4247.0,-548.0,早高峰净借出,0.5206034621229906
262.0,Washington Park,40.6917823,-73.9737299,5766.0,5541.0,1446.0,185.0,1261.0,765.0,1439.0,-674.0,早高峰净借出,0.5237196199325368
3117.0,Franklin St & Dupont St,40.73564,-73.95866,7109.0,7106.0,1716.0,476.0,1240.0,860.0,1711.0,-851.0,早高峰净借出,0.5267838829649216
515.0,W 43 St & 10 Ave,40.76009437,-73.99461843,20165.0,20121.0,2426.0,1206.0,1220.0,4024.0,5389.0,-1365.0,早高峰净借出,0.5297987224000099
3687.0,E 33 St & 1 Ave,40.74322681432173,-73.97449783980846,25318.0,24495.0,5677.0,4462.0,1215.0,5083.0,4919.0,164.0,早高峰净借出,0.5328012059357741
3331.0,Riverside Dr & W 104 St,40.8013434,-73.9711457439,7418.0,7345.0,1511.0,298.0,1213.0,1161.0,2203.0,-1042.0,早高峰净借出,0.5357987471118085
3283.0,W 89 St & Columbus Ave,40.7882213,-73.97041561,10162.0,8963.0,1880.0,675.0,1205.0,1640.0,2269.0,-629.0,早高峰净借出,0.5387765188489244
3162.0,W 78 St & Broadway,40.78339981,-73.98093133,8867.0,8449.0,1686.0,484.0,1202.0,1450.0,2104.0,-654.0,早高峰净借出,0.5417468770464459
3321.0,Clinton St & Union St,40.6831164,-73.99785267,5011.0,4969.0,1569.0,369.0,1200.0,639.0,1402.0,-763.0,早高峰净借出,0.5447122928842376
3437.0,Riverside Dr & W 91 St,40.79313480986663,-73.97700369358063,6974.0,6854.0,1442.0,262.0,1180.0,817.0,1714.0,-897.0,早高峰净借出,0.5476282851247328
545.0,E 23 St & 1 Ave,40.736502,-73.97809472,23677.0,23757.0,5880.0,4717.0,1163.0,3860.0,5102.0,-1242.0,早高峰净借出,0.5505022673075259
495.0,W 47 St & 10 Ave,40.76269882,-73.99301222,19858.0,19792.0,2972.0,1809.0,1163.0,4317.0,5122.0,-805.0,早高峰净借出,0.5533762494903192
295.0,Pike St & E Broadway,40.71406667,-73.99293911,12529.0,12590.0,1952.0,792.0,1160.0,2011.0,2873.0,-862.0,早高峰净借出,0.5562428181335178
3369.0,E 82 St & East End Ave,40.7724607,-73.9468208,5464.0,5468.0,1664.0,507.0,1157.0,692.0,1632.0,-940.0,早高峰净借出,0.5591019732371221
3052.0,Lewis Ave & Madison St,40.686312,-73.935775,4501.0,4457.0,1308.0,153.0,1155.0,468.0,1139.0,-671.0,早高峰净借出,0.5619561859809966
270.0,Adelphi St & Myrtle Ave,40.69308257,-73.97178913,8055.0,8034.0,1565.0,417.0,1148.0,1210.0,2467.0,-1257.0,早高峰净借出,0.5647931004658174
3307.0,West End Ave & W 94 St,40.7941654,-73.974124,7287.0,7363.0,1590.0,444.0,1146.0,897.0,1979.0,-1082.0,早高峰净借出,0.5676250725909086
3430.0,Richardson St & N Henry St,40.71907891179564,-73.94223690032959,6469.0,6416.0,1668.0,532.0,1136.0,955.0,1649.0,-694.0,早高峰净借出,0.5704323329173514
3386.0,1 Pl & Clinton St,40.6809591,-73.99905709,4165.0,4082.0,1401.0,282.0,1119.0,498.0,1033.0,-535.0,早高峰净借出,0.5731975831860922
3350.0,W 100 St & Broadway,40.7973721,-73.97041192,9640.0,9458.0,1521.0,404.0,1117.0,1633.0,2538.0,-905.0,早高峰净借出,0.5759578910951033
481.0,S 3 St & Bedford Ave,40.71260486,-73.96264403,13941.0,13797.0,2231.0,1123.0,1108.0,2274.0,3143.0,-869.0,早高峰净借出,0.578695958385331
483.0,E 12 St & 3 Ave,40.73223272,-73.98889957,19559.0,19630.0,2905.0,1798.0,1107.0,4128.0,5238.0,-1110.0,早高峰净借出,0.581431554495694
291.0,Madison St & Montgomery St,40.713126,-73.984844,8662.0,8755.0,1634.0,530.0,1104.0,1267.0,2245.0,-978.0,早高峰净借出,0.5841597370664624
3171.0,Amsterdam Ave & W 82 St,40.78524672,-73.97667321,12452.0,12264.0,1799.0,698.0,1101.0,2092.0,3304.0,-1212.0,早高峰净借出,0.5868805060976363
3159.0,W 67 St & Broadway,40.77492513,-73.98266566,15559.0,14785.0,2334.0,1233.0,1101.0,3030.0,3463.0,-433.0,早高峰净借出,0.5896012751288102
3320.0,Central Park West & W 100 St,40.79406660818552,-73.96286845207214,11827.0,11369.0,1536.0,438.0,1098.0,1355.0,2074.0,-719.0,早高峰净借出,0.5923146306203897
406.0,Hicks St & Montague St,40.69512845,-73.99595065,9778.0,9542.0,1850.0,757.0,1093.0,1551.0,2238.0,-687.0,早高峰净借出,0.595015630212645
403.0,E 2 St & 2 Ave,40.72502876,-73.99069656,21894.0,22035.0,3459.0,2370.0,1089.0,3709.0,4994.0,-1285.0,早高峰净借出,0.5977067450854411
389.0,Broadway & Berry St,40.71044554,-73.96525063,11896.0,11774.0,2069.0,980.0,1089.0,1746.0,2736.0,-990.0,早高峰净借出,0.600397859958237
3434.0,W 88 St & West End Ave,40.79025417330419,-73.97718340158461,6140.0,5928.0,1466.0,378.0,1088.0,988.0,1747.0,-759.0,早高峰净借出,0.6030865036511682
3175.0,W 70 St & Amsterdam Ave,40.77748046,-73.98288594,14098.0,13749.0,1963.0,881.0,1082.0,2618.0,3591.0,-973.0,早高峰净借出,0.6057603202649104
3077.0,Stagg St & Union Ave,40.70877084,-73.95095259,7069.0,6990.0,1384.0,310.0,1074.0,1000.0,1650.0,-650.0,早高峰净借出,0.6084143674397341
380.0,W 4 St & 7 Ave S,40.73401143,-74.00293877,26412.0,26562.0,2436.0,1362.0,1074.0,4340.0,6118.0,-1778.0,早高峰净借出,0.6110684146145577
3529.0,Lenox Ave & W 130 St,40.8107922,-73.9430681,6585.0,6650.0,1431.0,379.0,1052.0,815.0,1523.0,-708.0,早高峰净借出,0.6136680958323552
480.0,W 53 St & 10 Ave,40.76669671,-73.99061728,16917.0,16800.0,2634.0,1584.0,1050.0,3938.0,4583.0,-645.0,早高峰净借出,0.616262834690423
346.0,Bank St & Hudson St,40.73652889,-74.00618026,17575.0,17569.0,2365.0,1315.0,1050.0,2898.0,3952.0,-1054.0,早高峰净借出,0.6188575735484907
3571.0,Bedford Ave & Bergen St,40.676368,-73.952918,5752.0,5755.0,1262.0,220.0,1042.0,862.0,1292.0,-430.0,早高峰净借出,0.62143254296764
3312.0,1 Ave & E 94 St,40.7817212,-73.94594,6456.0,6610.0,1630.0,592.0,1038.0,860.0,1739.0,-879.0,早高峰净借出,0.6239976276673298
3301.0,Columbus Ave & W 95 St,40.7919557,-73.968087,13369.0,12975.0,1782.0,765.0,1017.0,2404.0,3223.0,-819.0,早高峰净借出,0.6265108175898583
3124.0,46 Ave & 5 St,40.74731,-73.95451,8070.0,8043.0,1732.0,716.0,1016.0,1334.0,2298.0,-964.0,早高峰净借出,0.629021536332522
265.0,Stanton St & Chrystie St,40.72229346,-73.99147535,20629.0,21432.0,2416.0,1401.0,1015.0,3983.0,5310.0,-1327.0,早高峰净借出,0.6315297838953208
3351.0,E 102 St & 1 Ave,40.7869946,-73.94164802,8442.0,8541.0,1771.0,761.0,1010.0,1027.0,2053.0,-1026.0,早高峰净借出,0.6340256755587955
531.0,Forsyth St & Broome St,40.71893904,-73.99266288,22979.0,23120.0,3139.0,2134.0,1005.0,4470.0,5357.0,-887.0,早高峰净借出,0.6365092113229461
3553.0,Frederick Douglass Blvd & W 112 St,40.801694,-73.957145,8390.0,8581.0,1551.0,549.0,1002.0,1121.0,2081.0,-960.0,早高峰净借出,0.6389853335475023
282.0,Kent Ave & S 11 St,40.707644944175705,-73.96841526031494,9935.0,9970.0,1846.0,845.0,1001.0,1527.0,1987.0,-460.0,早高峰净借出,0.6414589845921935
3389.0,Carroll St & Columbia St,40.6830456,-74.00348559,4982.0,5006.0,1425.0,439.0,986.0,630.0,1440.0,-810.0,早高峰净借出,0.6438955679389124
258.0,DeKalb Ave & Vanderbilt Ave,40.68940747,-73.96885458,7505.0,7138.0,1465.0,486.0,979.0,1031.0,1668.0,-637.0,早高峰净借出,0.6463148530265775
3150.0,E 85 St & York Ave,40.77536905,-73.94803392,5046.0,5040.0,1298.0,324.0,974.0,685.0,1288.0,-603.0,早高峰净借出,0.6487217822149185
399.0,Lafayette Ave & St James Pl,40.68851534,-73.9647628,7951.0,6979.0,1650.0,685.0,965.0,1038.0,1324.0,-286.0,早高峰净借出,0.651106470784476
354.0,Emerson Pl & Myrtle Ave,40.69363137,-73.96223558,6626.0,6601.0,1449.0,486.0,963.0,806.0,1541.0,-735.0,早高峰净借出,0.653486216994304
368.0,Carmine St & 6 Ave,40.73038599,-74.00214988,36448.0,36758.0,4760.0,3798.0,962.0,6454.0,7695.0,-1241.0,早高峰净借出,0.655863492024267
363.0,West Thames St,40.70834698,-74.01713445,15463.0,15665.0,2779.0,1818.0,961.0,3520.0,3615.0,-95.0,早高峰净借出,0.6582382958743652
3076.0,Scholes St & Manhattan Ave,40.70870368,-73.9448625,6947.0,6860.0,1315.0,359.0,956.0,864.0,1515.0,-651.0,早高峰净借出,0.6606007438251393
3167.0,Amsterdam Ave & W 73 St,40.77966809007312,-73.98093044757842,20272.0,19818.0,2478.0,1522.0,956.0,4145.0,5266.0,-1121.0,早高峰净借出,0.6629631917759135
3374.0,Central Park North & Adam Clayton Powell Blvd,40.799484,-73.955613,17590.0,18089.0,1842.0,887.0,955.0,2184.0,3161.0,-977.0,早高峰净借出,0.6653231685468227
3408.0,Congress St & Clinton St,40.6881529,-73.99520919,7180.0,7310.0,1919.0,977.0,942.0,914.0,1652.0,-738.0,早高峰净借出,0.6676510199794892
3168.0,Central Park West & W 85 St,40.78472675,-73.96961715,19726.0,19083.0,1753.0,814.0,939.0,3211.0,3929.0,-718.0,早高峰净借出,0.6699714578725613
254.0,W 11 St & 6 Ave,40.73532427,-73.99800419,19220.0,18508.0,2955.0,2026.0,929.0,3607.0,4502.0,-895.0,早高峰净借出,0.672267183966985
507.0,E 25 St & 2 Ave,40.73912601,-73.97973776,24445.0,23866.0,3651.0,2723.0,928.0,5186.0,5388.0,-202.0,早高峰净借出,0.674560438881544
3368.0,5 Ave & 3 St,40.6728155,-73.98352355,7562.0,7680.0,1599.0,679.0,920.0,1007.0,1852.0,-845.0,早高峰净借出,0.6768339243571844
3534.0,Frederick Douglass Blvd & W 117 St,40.805159,-73.954692,8199.0,8460.0,1528.0,618.0,910.0,1330.0,2073.0,-743.0,早高峰净借出,0.6790826980341764
3400.0,E 110 St & Madison Ave,40.7961535,-73.94782145,7331.0,7396.0,1300.0,391.0,909.0,1146.0,1709.0,-563.0,早高峰净借出,0.6813290005313036
3285.0,W 87 St & Amsterdam Ave,40.78839,-73.9747,7519.0,7158.0,1431.0,527.0,904.0,1119.0,2002.0,-883.0,早高峰净借出,0.6835629471291068
3360.0,Amsterdam Ave & W 79 St,40.7829391,-73.9786517,12965.0,12885.0,1725.0,823.0,902.0,2343.0,3356.0,-1013.0,早高峰净借出,0.6857919513671803
3388.0,President St & Henry St,40.6828003,-73.99990419,3990.0,4060.0,1252.0,354.0,898.0,457.0,1358.0,-901.0,早高峰净借出,0.6880110708857944
3050.0,Putnam Ave & Throop Ave,40.6851532,-73.94111,3238.0,3218.0,1068.0,170.0,898.0,303.0,802.0,-499.0,早高峰净借出,0.6902301904044086
3549.0,Grand Ave & Bergen St,40.678045,-73.962408,4751.0,4721.0,1153.0,258.0,895.0,673.0,1299.0,-626.0,早高峰净借出,0.6924418963834282
3057.0,Kosciuszko St & Tompkins Ave,40.69128258,-73.9452416,4069.0,4058.0,1020.0,145.0,875.0,576.0,1078.0,-502.0,早高峰净借出,0.6946041787651515
241.0,DeKalb Ave & S Portland Ave,40.68981035,-73.97493121,7784.0,7701.0,1755.0,881.0,874.0,893.0,1268.0,-375.0,早高峰净借出,0.6967639899670097
473.0,Rivington St & Chrystie St,40.72110063,-73.9919254,14566.0,15090.0,2192.0,1320.0,872.0,2537.0,3627.0,-1090.0,早高峰净借出,0.6989188588091384
3116.0,Huron St & Franklin St,40.73266,-73.95826,8603.0,8888.0,1640.0,787.0,853.0,1192.0,1995.0,-803.0,早高峰净借出,0.7010267752338354
482.0,W 15 St & 7 Ave,40.73935542,-73.99931783,26897.0,26294.0,4598.0,3752.0,846.0,5910.0,5788.0,122.0,早高峰净借出,0.7031173933994785
3314.0,W 95 St & Broadway,40.7937704,-73.971888,11962.0,11813.0,1770.0,933.0,837.0,1995.0,2653.0,-658.0,早高峰净借出,0.7051857709463383
3328.0,W 100 St & Manhattan Ave,40.795,-73.9645,6919.0,6690.0,1311.0,477.0,834.0,1014.0,1566.0,-552.0,早高峰净借出,0.7072467349536036
3538.0,W 110 St & Amsterdam Ave,40.802692,-73.96295,6510.0,5156.0,1264.0,434.0,830.0,1084.0,1206.0,-122.0,早高峰净借出,0.7092978142414096
3170.0,W 84 St & Columbus Ave,40.78499979,-73.97283406,10496.0,9863.0,1633.0,807.0,826.0,1815.0,2525.0,-710.0,早高峰净借出,0.7113390088097562
3613.0,Center Blvd & 48 Ave,40.745038,-73.957539,3868.0,3863.0,936.0,110.0,826.0,406.0,1070.0,-664.0,早高峰净借出,0.7133802033781029
3562.0,Classon Ave & St Marks Ave,40.6765198,-73.9596082,5404.0,5365.0,1160.0,346.0,814.0,801.0,1350.0,-549.0,早高峰净借出,0.7153917437880716
3619.0,Newtown Ave & 23 St,40.7713615,-73.9246145,3352.0,3369.0,893.0,84.0,809.0,434.0,957.0,-523.0,早高峰净借出,0.7173909282987162
157.0,Henry St & Atlantic Ave,40.69089272,-73.99612349,8501.0,8575.0,1465.0,656.0,809.0,1317.0,2205.0,-888.0,早高峰净借出,0.7193901128093608
252.0,MacDougal St & Washington Sq,40.73226398,-73.99852205,17620.0,17705.0,2443.0,1637.0,806.0,3252.0,4401.0,-1149.0,早高峰净借出,0.7213818837804109
416.0,Cumberland St & Lafayette Ave,40.68753406,-73.97265183,6568.0,6156.0,1364.0,559.0,805.0,1022.0,1390.0,-368.0,早高峰净借出,0.7233711835715962
3341.0,Central Park West & W 102 St,40.795346,-73.96186,5090.0,4642.0,1091.0,288.0,803.0,677.0,1003.0,-326.0,早高峰净借出,0.7253555410030519
3054.0,Greene Ave & Throop Ave,40.6894932,-73.942061,2965.0,2944.0,894.0,94.0,800.0,306.0,677.0,-371.0,早高峰净借出,0.7273324848949131
3110.0,Meserole Ave & Manhattan Ave,40.72708584,-73.95299117,10367.0,10407.0,1764.0,970.0,794.0,1701.0,2260.0,-559.0,早高峰净借出,0.7292946017075853
513.0,W 56 St & 10 Ave,40.768254,-73.988639,13489.0,12923.0,2540.0,1751.0,789.0,2568.0,2685.0,-117.0,早高峰净借出,0.7312443626209334
336.0,Sullivan St & Washington Sq,40.73047747,-73.99906065,20468.0,20657.0,2544.0,1756.0,788.0,3564.0,4624.0,-1060.0,早高峰净借出,0.7331916523544166
3372.0,E 74 St & 1 Ave,40.7689738,-73.95482273,11268.0,11202.0,1842.0,1055.0,787.0,2652.0,2953.0,-301.0,早高峰净借出,0.735136470908035
3289.0,W 90 St & Amsterdam Ave,40.79017948095081,-73.97288918495178,5415.0,5292.0,1086.0,306.0,780.0,883.0,1540.0,-657.0,早高峰净借出,0.7370639912025997
3357.0,W 106 St & Amsterdam Ave,40.8008363,-73.9664492472,5804.0,5688.0,1024.0,245.0,779.0,931.0,1363.0,-432.0,早高峰净借出,0.7389890403172995
3158.0,W 63 St & Broadway,40.77163851,-73.98261428,19134.0,17075.0,2731.0,1952.0,779.0,3511.0,3516.0,-5.0,早高峰净借出,0.7409140894319993
3689.0,W 104 St & Amsterdam Ave,40.79904139288298,-73.96649479866028,5140.0,4574.0,1037.0,267.0,770.0,695.0,1224.0,-529.0,早高峰净借出,0.7428168979279157
3241.0,Monroe St & Tompkins Ave,40.686203,-73.944694,3862.0,3891.0,879.0,111.0,768.0,518.0,934.0,-416.0,早高峰净借出,0.7447147640641024
397.0,Fulton St & Clermont Ave,40.68415748,-73.96922273,3725.0,3400.0,917.0,167.0,750.0,478.0,810.0,-332.0,早高峰净借出,0.7465681489627223
120.0,Lexington Ave & Classon Ave,40.68676793,-73.95928168,4983.0,4828.0,964.0,225.0,739.0,704.0,1060.0,-356.0,早高峰净借出,0.748394350882829
400.0,Pitt St & Stanton St,40.71926081,-73.98178024,4039.0,4068.0,1055.0,331.0,724.0,518.0,1161.0,-643.0,早高峰净借出,0.7501834851049634
3569.0,Franklin Ave & St Marks Ave,40.6758324,-73.9561677,4178.0,4130.0,906.0,189.0,717.0,542.0,870.0,-328.0,早高峰净借出,0.751955321068044
3313.0,6 Ave & 12 St,40.6663181,-73.9854617,3256.0,3177.0,874.0,159.0,715.0,430.0,811.0,-381.0,早高峰净借出,0.7537222146713949
3365.0,3 St & 7 Ave,40.6703837,-73.97839676,5966.0,5958.0,1247.0,534.0,713.0,911.0,1415.0,-504.0,早高峰净借出,0.7554841659150161
237.0,E 11 St & 2 Ave,40.73047309,-73.98672378,19320.0,19448.0,2064.0,1351.0,713.0,3506.0,4147.0,-641.0,早高峰净借出,0.7572461171586374
3095.0,Graham Ave & Herbert St,40.71929301,-73.94500379,3476.0,3441.0,855.0,143.0,712.0,467.0,678.0,-211.0,早高峰净借出,0.7590055972223938
3361.0,Carroll St & 6 Ave,40.6740886,-73.9787282,4969.0,4997.0,1282.0,574.0,708.0,732.0,1212.0,-480.0,早高峰净借出,0.760755192566691
3293.0,W 92 St & Broadway,40.7921,-73.9739,6689.0,6682.0,1289.0,582.0,707.0,1162.0,1631.0,-469.0,早高峰净借出,0.7625023167311232
3157.0,East End Ave & E 86 St,40.77518615,-73.94446054,4529.0,4560.0,956.0,260.0,696.0,717.0,1185.0,-468.0,早高峰净借出,0.7642222579170425
3574.0,Prospect Pl & Underhill Ave,40.6769694,-73.96579,3976.0,3963.0,868.0,172.0,696.0,624.0,987.0,-363.0,早高峰净借出,0.7659421991029617
3172.0,W 74 St & Columbus Ave,40.7785669,-73.97754961,7922.0,7537.0,1140.0,444.0,696.0,1693.0,2257.0,-564.0,早高峰净借出,0.7676621402888809
3329.0,Degraw St & Smith St,40.6829151,-73.99318208,5377.0,5422.0,1088.0,394.0,694.0,770.0,1276.0,-506.0,早高峰净借出,0.7693771391150704
127.0,Barrow St & Hudson St,40.73172428,-74.00674436,25578.0,25778.0,4498.0,3805.0,693.0,5294.0,6452.0,-1158.0,早高峰净借出,0.7710896667613952
289.0,Monroe St & Classon Ave,40.6845683,-73.95881081,4634.0,4186.0,902.0,214.0,688.0,501.0,845.0,-344.0,早高峰净借出,0.7727898385083959
3637.0,Fulton St & Waverly Ave,40.68323865460341,-73.96599590778351,6770.0,6660.0,1289.0,611.0,678.0,1002.0,1452.0,-450.0,早高峰净借出,0.7744652984567482
3544.0,Underhill Ave & Pacific St,40.6804836,-73.9646795,4148.0,4062.0,969.0,294.0,675.0,598.0,1045.0,-447.0,早高峰净借出,0.776133344865506
174.0,E 25 St & 1 Ave,40.7381765,-73.97738662,14622.0,14671.0,3897.0,3224.0,673.0,2348.0,2809.0,-461.0,早高峰净借出,0.7777964489145343
3413.0,Wyckoff St & 3 Ave,40.6827549,-73.98258555,4549.0,4579.0,976.0,304.0,672.0,714.0,1169.0,-455.0,早高峰净借出,0.7794570817836977
3286.0,E 89 St & 3 Ave,40.7806284,-73.9521667,7931.0,7936.0,1162.0,492.0,670.0,1493.0,2047.0,-554.0,早高峰净借出,0.7811127722931314
3454.0,Leonard St & Maujer St,40.7103685423523,-73.94705951213837,4952.0,4887.0,870.0,202.0,668.0,658.0,1139.0,-481.0,早高峰净借出,0.7827635204428355
3691.0,28 Ave & 44 St,40.76408932350688,-73.91065120697021,2739.0,2730.0,764.0,97.0,667.0,382.0,643.0,-261.0,早高峰净借出,0.7844117974126746
325.0,E 19 St & 3 Ave,40.73624527,-73.98473765,16846.0,16655.0,2727.0,2061.0,666.0,3543.0,4057.0,-514.0,早高峰净借出,0.7860576032026491
443.0,Bedford Ave & S 9 St,40.70853074,-73.96408963,3220.0,3075.0,779.0,113.0,666.0,412.0,542.0,-130.0,早高峰净借出,0.7877034089926235
3310.0,14 St & 7 Ave,40.663779,-73.98396846,4751.0,4721.0,909.0,250.0,659.0,744.0,1205.0,-461.0,早高峰净借出,0.7893319165235442
471.0,Grand St & Havemeyer St,40.71286844,-73.95698119,9851.0,9854.0,1442.0,784.0,658.0,1441.0,2165.0,-724.0,早高峰净借出,0.7909579528746
3311.0,Columbia St & Kane St,40.68763155,-74.0016256,4455.0,4470.0,972.0,319.0,653.0,500.0,1219.0,-719.0,早高峰净借出,0.7925716333263316
3377.0,Carroll St & Bond St,40.6786115,-73.99037292,5432.0,5477.0,1273.0,621.0,652.0,670.0,1191.0,-521.0,早高峰净借出,0.7941828425981985
3558.0,Bergen St & Vanderbilt Ave,40.6794388,-73.9680438,7250.0,7345.0,1172.0,523.0,649.0,1173.0,1763.0,-590.0,早高峰净借出,0.7957866383304709
3156.0,E 72 St & York Ave,40.76663814,-73.95348296,12920.0,12891.0,3642.0,2994.0,648.0,2331.0,2255.0,76.0,早高峰净借出,0.7973879628828784
460.0,S 4 St & Wythe Ave,40.71285887,-73.96590294,15175.0,15194.0,2284.0,1640.0,644.0,2492.0,3002.0,-510.0,早高峰净借出,0.7989794027158267
3049.0,Cambridge Pl & Gates Ave,40.68488,-73.96304,4047.0,4039.0,991.0,348.0,643.0,548.0,1026.0,-478.0,早高峰净借出,0.8005683713689101
344.0,Monroe St & Bedford Ave,40.6851443,-73.95380904,5476.0,5322.0,1114.0,473.0,641.0,707.0,1062.0,-355.0,早高峰净借出,0.8021523976622639
275.0,Washington Ave & Greene Ave,40.68650065,-73.96563307,4895.0,4749.0,962.0,331.0,631.0,758.0,1096.0,-338.0,早高峰净借出,0.8037117121569693
450.0,W 49 St & 8 Ave,40.76227205,-73.98788205,20966.0,19749.0,4638.0,4010.0,628.0,4307.0,3683.0,624.0,早高峰净借出,0.8052636131120804
365.0,Fulton St & Grand Ave,40.68223166,-73.9614583,3468.0,3231.0,768.0,151.0,617.0,470.0,787.0,-317.0,早高峰净借出,0.8067883310886783
341.0,Stanton St & Mangin St,40.71782143,-73.97628939,7657.0,7688.0,1375.0,759.0,616.0,1017.0,1632.0,-615.0,早高峰净借出,0.8083105778854114
3496.0,1 Ave & E 110 St,40.7923272,-73.9383,5896.0,5958.0,1191.0,577.0,614.0,916.0,1382.0,-466.0,早高峰净借出,0.8098278823224149
3630.0,Frederick Douglass Blvd & W 115 St,40.8038654,-73.9559308,6229.0,6448.0,1015.0,403.0,612.0,879.0,1451.0,-572.0,早高峰净借出,0.8113402443996887
3370.0,E 78 St & 2 Ave,40.7727966,-73.95577801,5966.0,5980.0,912.0,302.0,610.0,980.0,1648.0,-668.0,早高峰净借出,0.8128476641172327
3579.0,Sterling Pl & Bedford Ave,40.672695,-73.954131,4174.0,4176.0,752.0,145.0,607.0,548.0,907.0,-359.0,早高峰净借出,0.8143476702951824
3411.0,Bond St & Bergen St,40.6849668,-73.98620772,5089.0,5093.0,1333.0,727.0,606.0,600.0,898.0,-298.0,早高峰净借出,0.8158452052932673
3383.0,Cathedral Pkwy & Broadway,40.804213,-73.96699104,7802.0,7278.0,1008.0,403.0,605.0,1467.0,1641.0,-174.0,早高峰净借出,0.8173402691114873
3537.0,Carlton Ave & Dean St,40.6809741,-73.9710097,5548.0,5542.0,1053.0,457.0,596.0,875.0,1290.0,-415.0,早高峰净借出,0.8188130923109238
3356.0,Amsterdam Ave & W 66 St,40.7746671,-73.98470567,7136.0,7077.0,1227.0,633.0,594.0,1275.0,1971.0,-696.0,早高峰净借出,0.8202809731506308
3510.0,Adam Clayton Powell Blvd & W 123 St,40.8078316,-73.949373,3846.0,3894.0,911.0,317.0,594.0,529.0,840.0,-311.0,早高峰净借出,0.8217488539903377
3364.0,Carroll St & 5 Ave,40.6751622,-73.9814832,6291.0,6384.0,1256.0,662.0,594.0,873.0,1453.0,-580.0,早高峰净借出,0.8232167348300446
245.0,Myrtle Ave & St Edwards St,40.69327018,-73.97703874,4299.0,4197.0,949.0,360.0,589.0,608.0,868.0,-260.0,早高峰净借出,0.8246722597704274
3755.0,DeKalb Ave & Franklin Ave,40.69064807082943,-73.95746178925037,4505.0,4488.0,817.0,231.0,586.0,505.0,944.0,-439.0,早高峰净借出,0.8261203711712157
3396.0,Clinton St & 4 Place,40.6783563,-74.00014502,4039.0,4041.0,791.0,207.0,584.0,606.0,992.0,-386.0,早高峰净借出,0.8275635402122743
3535.0,Mt Morris Park W & W 120 St,40.804038,-73.945925,3751.0,3747.0,819.0,240.0,579.0,467.0,985.0,-518.0,早高峰净借出,0.8289943533540088
3547.0,Broadway & Moylan Pl,40.8143256,-73.9590255,7891.0,7975.0,1123.0,545.0,578.0,1260.0,1686.0,-426.0,早高峰净借出,0.8304226953158785
448.0,W 37 St & 10 Ave,40.75660359,-73.9979009,19202.0,19241.0,2870.0,2296.0,574.0,4492.0,4635.0,-143.0,早高峰净借出,0.8318411525582889
3602.0,31 Ave & 34 St,40.763154,-73.920827,4351.0,4346.0,685.0,112.0,573.0,651.0,969.0,-318.0,早高峰净借出,0.8332571386208345
3058.0,Lewis Ave & Kosciuszko St,40.69237074,-73.93705428,3397.0,3348.0,713.0,141.0,572.0,319.0,741.0,-422.0,早高峰净借出,0.8346706535035152
476.0,E 31 St & 3 Ave,40.74394314,-73.97966069,22145.0,21679.0,2270.0,1699.0,571.0,5584.0,5251.0,333.0,早高峰净借出,0.8360816972063312
3146.0,E 81 St & 3 Ave,40.77573034,-73.9567526,6243.0,6228.0,1152.0,581.0,571.0,1100.0,1607.0,-507.0,早高峰净借出,0.837492740909147
3452.0,Bayard St & Leonard St,40.71915571696044,-73.94885390996933,5192.0,5289.0,1088.0,521.0,567.0,798.0,1435.0,-637.0,早高峰净借出,0.8388938998925036
364.0,Lafayette Ave & Classon Ave,40.68900443,-73.96023854,6937.0,6746.0,1470.0,904.0,566.0,1186.0,1374.0,-188.0,早高峰净借出,0.8402925876959955
3332.0,Degraw St & Hoyt St,40.68199044270703,-73.99079024791718,3156.0,3184.0,830.0,264.0,566.0,435.0,749.0,-314.0,早高峰净借出,0.8416912754994872
420.0,Clermont Ave & Lafayette Ave,40.68764484,-73.96968902,4284.0,4053.0,896.0,330.0,566.0,671.0,1088.0,-417.0,早高峰净借出,0.843089963302979
3491.0,E 118 St & 1 Ave,40.79747,-73.93504,3577.0,3578.0,754.0,198.0,556.0,463.0,1007.0,-544.0,早高峰净借出,0.8444639393078225
3319.0,14 St & 5 Ave,40.666287,-73.98895053,5141.0,5161.0,998.0,443.0,555.0,834.0,1134.0,-300.0,早高峰净借出,0.8458354441328012
3425.0,2 Ave & E 104 St,40.7892105,-73.94370784,5146.0,5168.0,1115.0,562.0,553.0,710.0,1025.0,-315.0,早高峰净借出,0.8472020065980502
3047.0,Halsey St & Tompkins Ave,40.6823687,-73.944118,3469.0,3520.0,704.0,154.0,550.0,397.0,859.0,-462.0,早高峰净借出,0.8485611555237048
3449.0,Eckford St & Engert Ave,40.72146256229816,-73.94800901412964,3000.0,3013.0,706.0,157.0,549.0,414.0,815.0,-401.0,早高峰净借出,0.8499178332694945
3793.0,Stuyvesant Walk & 1 Av Loop,40.732339777151054,-73.97898383438587,1459.0,1479.0,577.0,36.0,541.0,129.0,740.0,-611.0,早高峰净借出,0.8512547415763656
3532.0,Ditmars Blvd & 19 St,40.78145,-73.9183302,3465.0,3493.0,615.0,78.0,537.0,430.0,856.0,-426.0,早高峰净借出,0.8525817651637775
3113.0,Greenpoint Ave & Manhattan Ave,40.73026,-73.95394,9127.0,9116.0,1291.0,754.0,537.0,1546.0,1854.0,-308.0,早高峰净借出,0.8539087887511893
3423.0,West Drive & Prospect Park West,40.6610633719006,-73.97945255041122,15181.0,15168.0,1324.0,789.0,535.0,2282.0,3080.0,-798.0,早高峰净借出,0.8552308699788714
3296.0,E 93 St & 2 Ave,40.782454175279874,-73.9489196240902,5211.0,5394.0,1220.0,687.0,533.0,645.0,1156.0,-511.0,早高峰净借出,0.8565480088468239
3524.0,19 St & 24 Ave,40.7774552,-73.9225403,3412.0,3430.0,704.0,177.0,527.0,426.0,883.0,-457.0,早高峰净借出,0.8578503206355874
3303.0,Butler St & Court St,40.6849894,-73.99440329,3828.0,3836.0,869.0,346.0,523.0,515.0,975.0,-460.0,早高峰净借出,0.8591427477048917
3747.0,E 84 St & 3 Ave,40.77755374298887,-73.95512759685516,13268.0,13268.0,1647.0,1129.0,518.0,2557.0,3103.0,-546.0,早高峰净借出,0.8604228188748718
3580.0,St Johns Pl & Washington Ave,40.6737236,-73.9631611,4689.0,4415.0,730.0,213.0,517.0,755.0,906.0,-151.0,早高峰净借出,0.861700418864987
313.0,Washington Ave & Park Ave,40.69610226,-73.96751037,6839.0,6961.0,1733.0,1217.0,516.0,1412.0,1547.0,-135.0,早高峰净借出,0.8629755476752375
492.0,W 33 St & 7 Ave,40.75019995,-73.99093085,37239.0,36653.0,5311.0,4796.0,515.0,10830.0,8482.0,2348.0,早高峰净借出,0.8642482053056232
3339.0,Berkeley Pl & 6 Ave,40.6765304,-73.97846879,4009.0,4027.0,839.0,332.0,507.0,612.0,954.0,-342.0,早高峰净借出,0.8655010934970901
421.0,Clermont Ave & Park Ave,40.69573398,-73.97129668,3695.0,3699.0,1082.0,579.0,503.0,345.0,742.0,-397.0,早高峰净借出,0.8667440969690979
3366.0,West End Ave & W 107 St,40.8021174,-73.9681805305,5382.0,5241.0,741.0,240.0,501.0,952.0,1238.0,-286.0,早高峰净借出,0.8679821580813759
3646.0,35 Ave & 10 St,40.76315481910373,-73.93985509872437,1782.0,1786.0,589.0,91.0,498.0,238.0,485.0,-247.0,早高峰净借出,0.8692128056540596
3082.0,Hope St & Union Ave,40.71167351,-73.95141312,8239.0,8238.0,1083.0,586.0,497.0,1217.0,1730.0,-513.0,早高峰净借出,0.8704409820468783
3343.0,W 107 St & Columbus Ave,40.7997568,-73.9621128676,3915.0,3901.0,684.0,191.0,493.0,616.0,878.0,-262.0,早高峰净借出,0.8716592737202378
494.0,W 26 St & 8 Ave,40.74734825,-73.99723551,26591.0,25636.0,3553.0,3065.0,488.0,6641.0,6175.0,466.0,早高峰净借出,0.872865209494273
499.0,Broadway & W 60 St,40.76915505,-73.98191841,45309.0,44023.0,4461.0,3977.0,484.0,9217.0,8753.0,464.0,早高峰净借出,0.874061260548849
3304.0,6 Ave & 9 St,40.668127,-73.98377641,5324.0,5303.0,1045.0,563.0,482.0,854.0,1132.0,-278.0,早高峰净借出,0.8752523692436954
3776.0,Central Ave & Starr Street,40.700003,-73.92834,3034.0,3036.0,540.0,63.0,477.0,349.0,607.0,-258.0,早高峰净借出,0.8764311220392176
3417.0,Baltic St & 5 Ave,40.6795766,-73.97854971,6148.0,6259.0,925.0,449.0,476.0,957.0,1382.0,-425.0,早高峰净借出,0.877607403654875
509.0,9 Ave & W 22 St,40.7454973,-74.00197139,6402.0,6411.0,994.0,518.0,476.0,1166.0,1531.0,-365.0,早高峰净借出,0.8787836852705324
3405.0,5 St & 6 Ave,40.6704836,-73.98208968,2519.0,2481.0,641.0,166.0,475.0,307.0,724.0,-417.0,早高峰净借出,0.879957495706325
3605.0,31 Ave & Crescent St,40.7658346,-73.9265474,2577.0,2563.0,534.0,63.0,471.0,306.0,625.0,-319.0,早高峰净借出,0.8811214214226583
3617.0,28 Ave & 35 St,40.7671,-73.9169858,2828.0,2836.0,578.0,112.0,466.0,390.0,585.0,-195.0,早高峰净借出,0.8822729912396674
3354.0,3 St & Prospect Park West,40.668132,-73.97363831,8442.0,8051.0,1102.0,638.0,464.0,1153.0,1630.0,-477.0,早高峰净借出,0.8834196186969469
3515.0,24 Ave & 26 St,40.774591,-73.918544,2390.0,2402.0,556.0,93.0,463.0,300.0,698.0,-398.0,早高峰净借出,0.8845637749743616
3671.0,E 81 St & 2 Ave,40.77477944895728,-73.95427465438843,7835.0,7866.0,1023.0,562.0,461.0,1203.0,1881.0,-678.0,早高峰净借出,0.8857029888920465
3072.0,Leonard St & Boerum St,40.70583339,-73.94644578,2921.0,2871.0,609.0,152.0,457.0,319.0,653.0,-334.0,早高峰净借出,0.8868323180902722
3412.0,Pacific St & Nevins St,40.6853761,-73.98302136,4582.0,4606.0,801.0,347.0,454.0,783.0,1105.0,-322.0,早高峰净借出,0.8879542337489034
3059.0,Pulaski St & Marcus Garvey Blvd,40.6933982,-73.939877,2286.0,2295.0,505.0,54.0,451.0,253.0,422.0,-169.0,早高峰净借出,0.8890687358679401
3422.0,Columbia St & Degraw St,40.6859296,-74.00242364,4918.0,4986.0,975.0,525.0,450.0,647.0,1099.0,-452.0,早高峰净借出,0.890180766807112
3081.0,Graham Ave & Grand St,40.711863,-73.944024,6704.0,6629.0,893.0,452.0,441.0,1031.0,1389.0,-358.0,早高峰净借出,0.8912705571275005
3578.0,Park Pl & Franklin Ave,40.6741806,-73.9564947,3598.0,3602.0,626.0,187.0,439.0,488.0,724.0,-236.0,早高峰净借出,0.8923554050881594
3070.0,McKibbin St & Manhattan Ave,40.70510918,-73.94407279,2912.0,2918.0,508.0,78.0,430.0,361.0,579.0,-218.0,早高峰净借出,0.8934180124300347
3358.0,Garfield Pl & 8 Ave,40.6711978,-73.97484126,4187.0,4150.0,732.0,305.0,427.0,707.0,1058.0,-351.0,早高峰净借出,0.8944732062323156
3575.0,Crescent St & 34 Ave,40.76108,-73.930562,1977.0,1990.0,493.0,80.0,413.0,210.0,479.0,-269.0,早高峰净借出,0.895493803516489
3501.0,E 118 St & Madison Ave,40.8014866,-73.9442507,2691.0,2709.0,693.0,280.0,413.0,443.0,597.0,-154.0,早高峰净借出,0.8965144008006622
3115.0,India St & Manhattan Ave,40.73232194,-73.9550858,5830.0,6118.0,1036.0,630.0,406.0,1005.0,1374.0,-369.0,早高峰净借出,0.8975176998257818
308.0,St James Pl & Oliver St,40.71307916,-73.99851193,9965.0,10000.0,1289.0,886.0,403.0,1843.0,1886.0,-43.0,早高峰净借出,0.8985135853113069
3616.0,Steinway St & 28 Ave,40.7656251,-73.9136695,3679.0,3659.0,582.0,185.0,397.0,460.0,726.0,-266.0,早高峰净借出,0.899494643717643
3390.0,E 109 St & 3 Ave,40.79329668,-73.9432083,3515.0,3582.0,732.0,338.0,394.0,518.0,716.0,-198.0,早高峰净借出,0.9004682885843847
373.0,Willoughby Ave & Walworth St,40.69331716,-73.95381995,3395.0,3432.0,568.0,174.0,394.0,402.0,807.0,-405.0,早高峰净借出,0.9014419334511262
3581.0,Underhill Ave & Lincoln Pl,40.6740123,-73.9671457,5237.0,5080.0,802.0,409.0,393.0,867.0,991.0,-124.0,早高峰净借出,0.902413107138003
3609.0,Vernon Blvd & 31 Ave,40.7692475,-73.9354504,2981.0,3068.0,610.0,220.0,390.0,396.0,678.0,-282.0,早高峰净借出,0.9033768672852853
3349.0,Grand Army Plaza & Plaza St West,40.6729679,-73.97087984,11635.0,11047.0,976.0,590.0,386.0,1549.0,1534.0,15.0,早高峰净借出,0.9043307427131084
3520.0,Adam Clayton Powell Blvd & W 118 St,40.804372,-73.951475,3048.0,3135.0,580.0,196.0,384.0,439.0,752.0,-313.0,早高峰净借出,0.9052796757812017
3102.0,Driggs Ave & Lorimer St,40.72179134,-73.9504154,6365.0,6382.0,1069.0,688.0,381.0,855.0,1383.0,-528.0,早高峰净借出,0.9062211953097006
3145.0,E 84 St & Park Ave,40.77862688,-73.95772073,6879.0,6487.0,991.0,612.0,379.0,1175.0,1363.0,-188.0,早高峰净借出,0.9071577724784698
369.0,Washington Pl & 6 Ave,40.73224119,-74.00026394,12982.0,13173.0,1298.0,919.0,379.0,2368.0,3226.0,-858.0,早高峰净借出,0.9080943496472391
3060.0,Willoughby Ave & Tompkins Ave,40.69425403,-73.94626915,2937.0,2940.0,493.0,118.0,375.0,382.0,605.0,-223.0,早高峰净借出,0.909021042096549
490.0,8 Ave & W 33 St,40.751551,-73.993934,35594.0,34900.0,6867.0,6493.0,374.0,8731.0,8053.0,678.0,早高峰净借出,0.9099452633659941
278.0,Concord St & Bridge St,40.69766564,-73.98476437,4262.0,4225.0,823.0,449.0,374.0,609.0,787.0,-178.0,早高峰净借出,0.9108694846354392
3391.0,E 106 St & 1 Ave,40.7892529,-73.93956237,3045.0,3101.0,590.0,217.0,373.0,394.0,645.0,-251.0,早高峰净借出,0.9117912347250194
3673.0,Dean St & Franklin Ave,40.67759206937376,-73.955637216568,4968.0,4976.0,946.0,576.0,370.0,802.0,1017.0,-215.0,早高峰净借出,0.9127055712750053
3096.0,Union Ave & N 12 St,40.71924,-73.95242,10020.0,10186.0,1373.0,1003.0,370.0,1358.0,2019.0,-661.0,早高峰净借出,0.913619907824991
3282.0,5 Ave & E 88 St,40.78307,-73.95939,25482.0,25515.0,1478.0,1110.0,368.0,3723.0,3629.0,94.0,早高峰净借出,0.9145293020152472
3766.0,Sharon St & Olive St,40.715353,-73.93856,3092.0,3078.0,530.0,163.0,367.0,423.0,595.0,-172.0,早高峰净借出,0.9154362250256385
3346.0,Berkeley Pl & 7 Ave,40.675146838709786,-73.97523209452629,8777.0,8751.0,1195.0,830.0,365.0,1491.0,1734.0,-243.0,早高峰净借出,0.9163382056763002
3135.0,E 75 St & 3 Ave,40.77112927,-73.95772297,6588.0,6605.0,1068.0,707.0,361.0,1240.0,1495.0,-255.0,早高峰净借出,0.9172303016075025
3053.0,Marcy Ave & Lafayette Ave,40.6900815,-73.947915,3003.0,2993.0,605.0,247.0,358.0,375.0,553.0,-178.0,早高峰净借出,0.9181149839991104
3622.0,E 128 St & Madison Ave,40.80756,-73.939182,2515.0,2536.0,530.0,176.0,354.0,355.0,472.0,-117.0,早高峰净借出,0.9189897816712589
3498.0,Pleasant Ave & E 120 St,40.7974772,-73.9311847,2777.0,2808.0,580.0,236.0,344.0,315.0,598.0,-283.0,早高峰净借出,0.9198398675447592
528.0,2 Ave & E 31 St,40.74290902,-73.97706058,24074.0,23900.0,2699.0,2357.0,342.0,5737.0,5669.0,68.0,早高峰净借出,0.9206850110585298
3046.0,Marcus Garvey Blvd & Macon St,40.682601,-73.938037,2668.0,2717.0,531.0,191.0,340.0,339.0,612.0,-273.0,早高峰净借出,0.9215252122125709
3521.0,Lenox Ave & W 111 St,40.7987859,-73.9523,13921.0,14385.0,1613.0,1273.0,340.0,2096.0,2457.0,-361.0,早高峰净借出,0.9223654133666119
3522.0,37 St & 24 Ave,40.7701477,-73.9120938,1582.0,1607.0,378.0,39.0,339.0,185.0,436.0,-251.0,早高峰净借出,0.923203143340788
3577.0,34 Ave & 21 St,40.7628138,-73.9342862,1396.0,1393.0,411.0,76.0,335.0,171.0,489.0,-318.0,早高峰净借出,0.9240309885955049
412.0,Forsyth St & Canal St,40.7158155,-73.99422366,21543.0,21711.0,2055.0,1728.0,327.0,4175.0,4402.0,-227.0,早高峰净借出,0.9248390644113031
372.0,Franklin Ave & Myrtle Ave,40.694546087246025,-73.95801365375519,3217.0,3212.0,498.0,177.0,321.0,430.0,610.0,-180.0,早高峰净借出,0.9256323131479125
3292.0,5 Ave & E 93 St,40.7857851,-73.957481,8534.0,8563.0,788.0,470.0,318.0,1148.0,1204.0,-56.0,早高峰净借出,0.9264181483449273
3080.0,S 4 St & Rodney St,40.70934,-73.95608,6065.0,6034.0,951.0,633.0,318.0,1091.0,1129.0,-38.0,早高峰净借出,0.9272039835419421
3531.0,Frederick Douglass Blvd & W 129 St,40.8125511,-73.9492286,3119.0,3125.0,513.0,197.0,316.0,411.0,568.0,-157.0,早高峰净借出,0.9279848763792272
3514.0,Astoria Park S & Shore Blvd,40.7767,-73.927631,2755.0,2770.0,402.0,89.0,313.0,325.0,667.0,-342.0,早高峰净借出,0.9287583556769179
2008.0,Little West St & 1 Pl,40.70569254,-74.01677685,27509.0,27630.0,2913.0,2603.0,310.0,5569.0,5486.0,83.0,早高峰净借出,0.9295244214350141
479.0,9 Ave & W 45 St,40.76019252,-73.9912551,25422.0,25783.0,2813.0,2507.0,306.0,5991.0,6112.0,-121.0,早高峰净借出,0.9302806024736511
3781.0,Greene Av & Myrtle Av,40.698568,-73.918877,3435.0,3521.0,436.0,132.0,304.0,386.0,626.0,-240.0,早高峰净借出,0.9310318411525583
3513.0,21 St & Hoyt Ave S,40.774645,-73.923706,2024.0,2032.0,384.0,80.0,304.0,309.0,572.0,-263.0,早高峰净借出,0.9317830798314656
3592.0,Crescent St & Broadway,40.7633589,-73.9286471,3738.0,3732.0,484.0,185.0,299.0,539.0,847.0,-308.0,早高峰净借出,0.9325219626110487
3109.0,Banker St & Meserole Ave,40.72606,-73.95621,5738.0,5884.0,1295.0,999.0,296.0,809.0,1137.0,-328.0,早高峰净借出,0.9332534318510373
3761.0,Cedar St & Myrtle Ave,40.697842,-73.926241,3729.0,3773.0,395.0,99.0,296.0,466.0,740.0,-274.0,早高峰净借出,0.9339849010910259
3727.0,Frost St & Meeker Ave,40.71766197083994,-73.94880026578903,3117.0,3031.0,390.0,99.0,291.0,413.0,674.0,-261.0,早高峰净借出,0.9347040144316904
3589.0,Broadway & 12 St,40.7668,-73.9347774,1964.0,1968.0,416.0,125.0,291.0,268.0,467.0,-199.0,早高峰净借出,0.9354231277723549
462.0,W 22 St & 10 Ave,40.74691959,-74.00451887,32685.0,33281.0,3847.0,3556.0,291.0,6805.0,7030.0,-225.0,早高峰净借出,0.9361422411130194
297.0,E 15 St & 3 Ave,40.734232,-73.986923,24591.0,24725.0,3701.0,3417.0,284.0,5149.0,5366.0,-217.0,早高峰净借出,0.9368440561946302
3041.0,Kingston Ave & Herkimer St,40.67890679,-73.94142771,3285.0,3406.0,606.0,326.0,280.0,413.0,622.0,-209.0,早高峰净借出,0.9375359865567815
3347.0,Van Brunt St & Wolcott St,40.6773429,-74.01275056,3269.0,3822.0,677.0,397.0,280.0,381.0,675.0,-294.0,早高峰净借出,0.9382279169189329
3566.0,Crescent St & 35 Ave,40.7596276,-73.9321455,1629.0,1604.0,343.0,64.0,279.0,220.0,324.0,-104.0,早高峰净借出,0.9389173761012195
3300.0,Prospect Park West & 8 St,40.66514681533792,-73.97637605667114,6176.0,6036.0,729.0,450.0,279.0,885.0,1475.0,-590.0,早高峰净借出,0.9396068352835061
519.0,Pershing Square North,40.751873,-73.977706,62380.0,61841.0,14595.0,14319.0,276.0,20917.0,18399.0,2518.0,早高峰净借出,0.9402888809261982
3404.0,7 St & 5 Ave,40.6704922,-73.98541675,3504.0,3546.0,536.0,262.0,274.0,490.0,794.0,-304.0,早高峰净借出,0.9409659842091607
3604.0,Rogers Ave & Sterling St,40.6630619,-73.9538746,2628.0,2656.0,432.0,163.0,269.0,431.0,541.0,-110.0,早高峰净借出,0.941630731592799
3094.0,Graham Ave & Withers St,40.7169811,-73.94485918,5128.0,5161.0,731.0,463.0,268.0,882.0,1134.0,-252.0,早高峰净借出,0.9422930077965724
3490.0,E 116 St & 2 Ave,40.796879,-73.937261,2849.0,2949.0,407.0,143.0,264.0,340.0,511.0,-171.0,早高峰净借出,0.9429453992808866
3546.0,Pacific St & Classon Ave,40.6791944,-73.9587903,1634.0,1627.0,458.0,194.0,264.0,210.0,322.0,-112.0,早高峰净借出,0.9435977907652009
3533.0,St. Nicholas Ave & W 126 St,40.8114323,-73.9518776,5763.0,5854.0,762.0,499.0,263.0,1008.0,1227.0,-219.0,早高峰净借出,0.9442477110696502
3302.0,Columbus Ave & W 103 St,40.7969347,-73.9643412291,1648.0,1568.0,332.0,70.0,262.0,243.0,364.0,-121.0,早高峰净借出,0.9448951601942347
3142.0,1 Ave & E 62 St,40.7612274,-73.96094022,19599.0,19650.0,2172.0,1910.0,262.0,4673.0,4520.0,153.0,早高峰净借出,0.9455426093188193
3606.0,49 Ave & 21 St,40.74252,-73.948852,2537.0,2501.0,711.0,451.0,260.0,466.0,675.0,-209.0,早高峰净借出,0.9461851160836742
3061.0,Throop Ave & Myrtle Ave,40.69622937,-73.94371094,1570.0,1539.0,377.0,118.0,259.0,191.0,279.0,-88.0,早高峰净借出,0.9468251516686642
3597.0,43 St & Broadway,40.7577284,-73.9166368,3452.0,3462.0,430.0,173.0,257.0,602.0,718.0,-116.0,早高峰净借出,0.9474602448939246
3621.0,27 Ave & 9 St,40.7739825,-73.9309134,1825.0,1832.0,391.0,134.0,257.0,195.0,359.0,-164.0,早高峰净借出,0.948095338119185
223.0,W 13 St & 7 Ave,40.73781509,-73.99994661,22489.0,22501.0,3036.0,2780.0,256.0,4809.0,5044.0,-235.0,早高峰净借出,0.9487279601645806
3563.0,28 St & 36 Ave,40.757186,-73.932719,1770.0,1741.0,434.0,180.0,254.0,253.0,438.0,-185.0,早高峰净借出,0.9493556398502465
419.0,Carlton Ave & Park Ave,40.69580705,-73.97355569,4211.0,4376.0,1052.0,798.0,254.0,413.0,697.0,-284.0,早高峰净借出,0.9499833195359124
3516.0,31 St & Astoria Blvd,40.7699176,-73.9184057,2939.0,2929.0,537.0,284.0,253.0,555.0,683.0,-128.0,早高峰净借出,0.9506085280417135
261.0,Johnson St & Gold St,40.69474881,-73.98362464,6358.0,6363.0,1041.0,789.0,252.0,1061.0,1187.0,-126.0,早高峰净借出,0.9512312653676498
3016.0,Kent Ave & N 7 St,40.72036775298455,-73.96165072917938,21714.0,23595.0,2280.0,2030.0,250.0,3543.0,4160.0,-617.0,早高峰净借出,0.9518490603338564
436.0,Hancock St & Bedford Ave,40.68216564,-73.95399026,3164.0,3040.0,441.0,192.0,249.0,491.0,621.0,-130.0,早高峰净借出,0.9524643841201982
3767.0,Powers St & Olive St,40.71323,-73.93894,2074.0,2041.0,354.0,105.0,249.0,323.0,419.0,-96.0,早高峰净借出,0.95307970790654
3397.0,Court St & Nelson St,40.6763947,-73.99869893,3654.0,3666.0,628.0,381.0,247.0,453.0,662.0,-209.0,早高峰净借出,0.9536900893331521
2002.0,Wythe Ave & Metropolitan Ave,40.716887,-73.963198,17530.0,17730.0,2391.0,2149.0,242.0,3135.0,3346.0,-211.0,早高峰净借出,0.9542881148604401
3154.0,E 77 St & 3 Ave,40.77314236,-73.95856158,6913.0,6855.0,1450.0,1211.0,239.0,1409.0,1453.0,-44.0,早高峰净借出,0.9548787268481337
3327.0,3 Ave & E 100 St,40.7877214,-73.94728331,1998.0,2064.0,342.0,106.0,236.0,287.0,501.0,-214.0,早高峰净借出,0.9554619252962326
3394.0,Columbia St & W 9 St,40.6769993,-74.00647134,1219.0,1299.0,311.0,76.0,235.0,117.0,314.0,-197.0,早高峰净借出,0.9560426525644669
3048.0,Putnam Ave & Nostrand Ave,40.68402,-73.94977,2244.0,2216.0,361.0,127.0,234.0,320.0,415.0,-95.0,早高峰净借出,0.9566209086528363
3083.0,Bushwick Ave & Powers St,40.71247661,-73.94100005,3936.0,3789.0,442.0,217.0,225.0,620.0,785.0,-165.0,早高峰净借出,0.9571769241224223
3734.0,E 58 St &  1 Ave (NW Corner),40.759125,-73.962658,10073.0,9763.0,1165.0,941.0,224.0,2505.0,2065.0,440.0,早高峰净借出,0.9577304684121434
3294.0,E 91 St & Park Ave,40.7835016,-73.955327,5194.0,5125.0,871.0,650.0,221.0,1063.0,1217.0,-154.0,早高峰净借出,0.95827659916227
3530.0,Crescent St & Ditmars Blvd,40.7787185,-73.9145645,1844.0,1860.0,287.0,67.0,220.0,271.0,482.0,-211.0,早高峰净借出,0.9588202587325318
3726.0,Center Blvd & 51 Ave,40.74336608027021,-73.95960688591003,5428.0,5443.0,585.0,367.0,218.0,786.0,921.0,-135.0,早高峰净借出,0.959358975943064
3789.0,Fulton St & Irving Pl,40.68186,-73.959432,1550.0,1549.0,304.0,89.0,215.0,217.0,356.0,-139.0,早高峰净借出,0.9598902796140018
3552.0,W 113 St & Broadway,40.805973,-73.964928,4317.0,4051.0,619.0,407.0,212.0,703.0,723.0,-20.0,早高峰净借出,0.9604141697453449
3779.0,Hart St & Wyckoff Ave,40.704876,-73.919911,1797.0,1797.0,250.0,43.0,207.0,260.0,388.0,-128.0,早高峰净借出,0.960925703977364
3712.0,W 35 St & Dyer Ave,40.754691750226016,-73.99740189313889,12781.0,12703.0,2693.0,2487.0,206.0,2516.0,2347.0,169.0,早高峰净借出,0.9614347670295182
216.0,Columbia Heights & Cranberry St,40.70037867,-73.99548059,4092.0,3881.0,418.0,213.0,205.0,623.0,605.0,18.0,早高峰净借出,0.9619413589018077
3511.0,Adam Clayton Powell Blvd & W 115 St,40.802535,-73.9532423,2736.0,2798.0,435.0,232.0,203.0,343.0,635.0,-292.0,早高峰净借出,0.9624430084143675
3699.0,W 50 St & 9 Ave,40.76360467795863,-73.98917958140373,11293.0,11288.0,781.0,579.0,202.0,2739.0,2795.0,-56.0,早高峰净借出,0.9629421867470623
3419.0,Douglass St & 4 Ave,40.6792788,-73.98154004,4853.0,5002.0,876.0,676.0,200.0,802.0,978.0,-176.0,早高峰净借出,0.9634364227200277
3393.0,Richards St & Delavan St,40.6794327,-74.00785041,1375.0,1534.0,323.0,124.0,199.0,205.0,313.0,-108.0,早高峰净借出,0.9639281875131281
3523.0,24 Ave & 29 St,40.7729,-73.916142,2243.0,2259.0,356.0,157.0,199.0,280.0,484.0,-204.0,早高峰净借出,0.9644199523062286
3591.0,21 St & 31 Dr,40.7659,-73.930819,2861.0,2954.0,349.0,150.0,199.0,478.0,663.0,-185.0,早高峰净借出,0.9649117170993291
3585.0,Union St & Bedford Ave,40.6691783,-73.9554162,1936.0,1953.0,309.0,111.0,198.0,310.0,326.0,-16.0,早高峰净借出,0.9654010107125647
3675.0,3 Ave & E 95 St,40.78459679884892,-73.94968539476395,4323.0,4352.0,605.0,407.0,198.0,805.0,1122.0,-317.0,早高峰净借出,0.9658903043258004
3493.0,E 118 St & 3 Ave,40.799139,-73.9389152,3736.0,3759.0,542.0,346.0,196.0,591.0,704.0,-113.0,早高峰净借出,0.9663746555793064
3297.0,6 St & 7 Ave,40.6686627,-73.97988067,3258.0,3216.0,679.0,484.0,195.0,388.0,628.0,-240.0,早高峰净借出,0.9668565356529475
3775.0,Suydam St & Knickerbocker Ave,40.702013,-73.923769,2678.0,2748.0,272.0,78.0,194.0,310.0,572.0,-262.0,早高峰净借出,0.9673359445467238
3043.0,Lewis Ave & Decatur St,40.6814598,-73.934903,2284.0,2343.0,340.0,147.0,193.0,279.0,435.0,-156.0,早高峰净借出,0.9678128822606353
3598.0,Newton Rd & 44 St,40.7595701,-73.9142678,2250.0,2248.0,448.0,257.0,191.0,335.0,453.0,-118.0,早高峰净借出,0.9682848776148172
3720.0,Wyckoff St & Bond St,40.68461653897949,-73.98721285164356,1534.0,1635.0,262.0,71.0,191.0,222.0,417.0,-195.0,早高峰净借出,0.968756872968999
3068.0,Humboldt St & Varet St,40.7031724,-73.940636,2530.0,2542.0,381.0,191.0,190.0,351.0,479.0,-128.0,早高峰净借出,0.969226397143316
3284.0,E 88 St & Park Ave,40.781410700190015,-73.95595908164978,4974.0,4995.0,687.0,500.0,187.0,926.0,1123.0,-197.0,早高峰净借出,0.9696885077780386
296.0,Division St & Bowery,40.71413089,-73.9970468,15548.0,15855.0,1803.0,1616.0,187.0,2635.0,2675.0,-40.0,早高峰净借出,0.9701506184127612
3456.0,Jackson St & Leonard St,40.71638031973561,-73.94821286201477,1863.0,1831.0,285.0,101.0,184.0,289.0,394.0,-105.0,早高峰净借出,0.9706053155078892
3509.0,Lenox Ave & W 115 St,40.8011939,-73.9500739,4046.0,4486.0,638.0,454.0,184.0,573.0,918.0,-345.0,早高峰净借出,0.9710600126030173
3599.0,Franklin Ave & Empire Blvd,40.66314,-73.9605695,6364.0,6414.0,512.0,331.0,181.0,795.0,1062.0,-267.0,早高峰净借出,0.9715072961585509
3105.0,N 15 St & Wythe Ave,40.724055,-73.955736,3547.0,3615.0,587.0,408.0,179.0,590.0,771.0,-181.0,早高峰净借出,0.9719496373543548
3306.0,10 St & 7 Ave,40.6662078,-73.98199886,4432.0,4390.0,656.0,478.0,178.0,630.0,857.0,-227.0,早高峰净借出,0.972389507370294
3576.0,Park Pl & Vanderbilt Ave,40.6767,-73.969024,6638.0,6343.0,945.0,767.0,178.0,1159.0,1231.0,-72.0,早高峰净借出,0.9728293773862331
3587.0,Carroll St & Washington Ave,40.6686744,-73.9618148,1832.0,1859.0,261.0,94.0,167.0,242.0,290.0,-48.0,早高峰净借出,0.9732420644236591
3340.0,Wolcott St & Dwight St,40.6753274,-74.0100698,1215.0,1340.0,325.0,159.0,166.0,203.0,296.0,-93.0,早高峰净借出,0.9736522802812203
518.0,E 39 St & 2 Ave,40.74780373,-73.9734419,24834.0,24781.0,4319.0,4155.0,164.0,5654.0,5265.0,389.0,早高峰净借出,0.9740575537790518
3565.0,36 Ave & 10 St,40.7614376,-73.9411265,2147.0,2162.0,286.0,124.0,162.0,277.0,374.0,-97.0,早高峰净借出,0.9744578849171537
3322.0,12 St & 4 Ave,40.668603,-73.9904394,2182.0,2195.0,420.0,259.0,161.0,348.0,472.0,-124.0,早高峰净借出,0.9748557448753907
3492.0,E 118 St & Park Ave,40.8005385,-73.9419949,1920.0,1954.0,300.0,139.0,161.0,324.0,384.0,-60.0,早高峰净借出,0.9752536048336278
3582.0,Lincoln Pl & Classon Ave,40.6721683,-73.9609,2020.0,1853.0,316.0,155.0,161.0,346.0,376.0,-30.0,早高峰净借出,0.9756514647918649
2022.0,E 60 St & York Ave,40.759107,-73.959223,5315.0,5281.0,1041.0,880.0,161.0,950.0,916.0,34.0,早高峰净借出,0.976049324750102
3774.0,Knickerbocker Ave & George St,40.704425,-73.92836,1563.0,1613.0,238.0,78.0,160.0,162.0,247.0,-85.0,早高峰净借出,0.9764447135284742
3298.0,Warren St & Court St,40.686371,-73.99383324,5243.0,5314.0,689.0,529.0,160.0,1115.0,1288.0,-173.0,早高峰净借出,0.9768401023068464
3568.0,34 St & 35 Ave,40.7569332,-73.9262231,2065.0,2065.0,390.0,232.0,158.0,340.0,389.0,-49.0,早高峰净借出,0.977230548725489
3362.0,Madison Ave & E 82 St,40.7781314,-73.96069399,10437.0,10388.0,683.0,526.0,157.0,1403.0,1440.0,-37.0,早高峰净借出,0.9776185239642667
3330.0,Henry St & Bay St,40.6725058,-74.00494695,1839.0,1865.0,413.0,256.0,157.0,301.0,401.0,-100.0,早高峰净借出,0.9780064992030445
3088.0,Union Ave & Jackson St,40.7160751,-73.952029,3633.0,3648.0,449.0,299.0,150.0,521.0,832.0,-311.0,早高峰净借出,0.9783771761827684
3074.0,Montrose Ave & Bushwick Ave,40.70767788,-73.94016171,5694.0,5584.0,599.0,450.0,149.0,849.0,958.0,-109.0,早高峰净借出,0.9787453819826276
3777.0,Stockholm St & Wilson Ave,40.699304,-73.923044,1535.0,1571.0,167.0,18.0,149.0,201.0,362.0,-161.0,早高峰净借出,0.9791135877824867
3603.0,31 Ave & 30 St,40.7647,-73.9240312,2401.0,2414.0,331.0,185.0,146.0,339.0,533.0,-194.0,早高峰净借出,0.9794743800427514
3560.0,28 St & 38 Ave,40.754876,-73.934326,2211.0,2189.0,427.0,283.0,144.0,332.0,364.0,-32.0,早高峰净借出,0.9798302299432864
3551.0,3 Ave & E 112 St,40.795508,-73.941606,1879.0,1947.0,278.0,137.0,141.0,299.0,392.0,-93.0,早高峰净借出,0.9801786663042269
3758.0,George St & Wilson Ave,40.702997,-73.92997,1860.0,1864.0,190.0,50.0,140.0,253.0,366.0,-113.0,早高峰净借出,0.9805246314853027
3528.0,Steinway St & 23 Ave,40.7713937,-73.9077436,2307.0,2323.0,248.0,108.0,140.0,309.0,531.0,-222.0,早高峰净借出,0.9808705966663783
3601.0,Sterling St & Bedford Ave,40.6627059,-73.9569115,1404.0,1412.0,202.0,64.0,138.0,171.0,302.0,-131.0,早高峰净借出,0.9812116194877244
3500.0,E 115 St & Madison Ave,40.7989445,-73.944846,2701.0,2795.0,441.0,306.0,135.0,407.0,560.0,-153.0,早高峰净借出,0.981545228769476
3326.0,Clinton St & Centre St,40.67434,-74.00194698,1226.0,1323.0,221.0,86.0,135.0,139.0,208.0,-69.0,早高峰净借出,0.9818788380512276
3607.0,31 Ave & 14 St,40.7682,-73.9322662,1518.0,1526.0,191.0,56.0,135.0,194.0,363.0,-169.0,早高峰净借出,0.9822124473329791
3055.0,Greene Ave & Nostrand Ave,40.6883337,-73.950916,3409.0,3391.0,377.0,243.0,134.0,505.0,600.0,-95.0,早高峰净借出,0.9825435854348659
3506.0,Lexington Ave & E 120 St,40.8013066,-73.9398167,2186.0,2182.0,349.0,215.0,134.0,315.0,355.0,-40.0,早高峰净借出,0.9828747235367526
3495.0,E 114 St & 1 Ave,40.7945663,-73.9362541,3093.0,3152.0,406.0,273.0,133.0,488.0,622.0,-134.0,早高峰净借出,0.9832033904587746
3545.0,Broadway & W 122 St,40.8120562,-73.9612547,2450.0,2458.0,325.0,192.0,133.0,429.0,487.0,-58.0,早高峰净借出,0.9835320573807964
3573.0,35 St & 34 Ave,40.7580583,-73.9242751,1857.0,1854.0,243.0,115.0,128.0,319.0,403.0,-84.0,早高峰净借出,0.9838483684034942
3586.0,34 Ave & 13 St,40.7638753,-73.9364848,872.0,890.0,225.0,98.0,127.0,139.0,195.0,-56.0,早高峰净借出,0.9841622082463272
3335.0,Union St & 4 Ave,40.6772744,-73.98282002,6491.0,6632.0,1088.0,961.0,127.0,1124.0,1315.0,-191.0,早高峰净借出,0.9844760480891601
3709.0,W 15 St & 6 Ave,40.738046142482766,-73.99642959237099,10198.0,10000.0,1427.0,1301.0,126.0,2207.0,2070.0,137.0,早高峰净借出,0.9847874167521283
3760.0,Willoughby Ave & Wyckoff Ave,40.705614,-73.92153,2571.0,2628.0,281.0,155.0,126.0,342.0,510.0,-168.0,早高峰净借出,0.9850987854150964
3131.0,E 68 St & 3 Ave,40.76712840349542,-73.96224617958069,5232.0,5255.0,796.0,672.0,124.0,1217.0,1145.0,72.0,早高峰净借出,0.985405211718335
3725.0,2 Ave & E 72 St,40.7687620293096,-73.95840793848038,11326.0,11366.0,1776.0,1654.0,122.0,2288.0,2311.0,-23.0,早高峰净借出,0.9857066956618438
3317.0,10 St & 5 Ave,40.6686273,-73.98700053,3096.0,3094.0,412.0,292.0,120.0,480.0,644.0,-164.0,早高峰净借出,0.9860032372456229
3067.0,Broadway & Whipple St,40.7016657,-73.9437303,4116.0,4128.0,579.0,460.0,119.0,660.0,666.0,-6.0,早高峰净借出,0.9862973076495373
3044.0,Albany Ave & Fulton St,40.6800105,-73.938475,1339.0,1308.0,202.0,85.0,117.0,176.0,199.0,-23.0,早高峰净借出,0.986586435693722
3714.0,Division Av & Hooper St,40.70684203101325,-73.9544353965357,4331.0,3889.0,414.0,298.0,116.0,754.0,684.0,70.0,早高峰净借出,0.9868730925580418
454.0,E 51 St & 1 Ave,40.75455731,-73.96592976,13328.0,13335.0,2130.0,2018.0,112.0,3081.0,2743.0,338.0,早高峰净借出,0.9871498647029024
3139.0,E 72 St & Park Ave,40.77118287540658,-73.96409422159195,8499.0,8355.0,998.0,890.0,108.0,1289.0,1153.0,136.0,早高峰净借出,0.9874167521283037
539.0,Metropolitan Ave & Bedford Ave,40.71534825,-73.96024116,21689.0,22038.0,2319.0,2211.0,108.0,3905.0,4104.0,-199.0,早高峰净借出,0.9876836395537049
3122.0,48 Ave & 5 St,40.74436328706688,-73.9558732509613,2026.0,2028.0,258.0,151.0,107.0,284.0,416.0,-132.0,早高峰净借出,0.9879480557992414
3567.0,11 St & 35 Ave,40.7627442,-73.9391141,522.0,491.0,125.0,19.0,106.0,53.0,88.0,-35.0,早高峰净借出,0.988210000864913
3376.0,E 65 St & 2 Ave,40.76471851944339,-73.96222069859505,7083.0,7038.0,1379.0,1274.0,105.0,1533.0,1468.0,65.0,早高峰净借出,0.9884694747507198
3614.0,Crescent St & 30 Ave,40.768692,-73.9249574,2368.0,2386.0,301.0,199.0,102.0,400.0,403.0,-3.0,早高峰净借出,0.9887215350969321
3410.0,Dean St & Hoyt St,40.6864442,-73.98759104,4193.0,4401.0,486.0,384.0,102.0,816.0,999.0,-183.0,早高峰净借出,0.9889735954431443
3631.0,Crown St & Bedford Ave,40.666563,-73.956741,646.0,680.0,130.0,28.0,102.0,100.0,138.0,-38.0,早高峰净借出,0.9892256557893566
3056.0,Kosciuszko St & Nostrand Ave,40.69072549,-73.95133465,3392.0,3543.0,543.0,441.0,102.0,489.0,661.0,-172.0,早高峰净借出,0.9894777161355689
3375.0,3 Ave & E 72 St,40.7699426,-73.96060712,4429.0,4410.0,506.0,405.0,101.0,982.0,978.0,4.0,早高峰净借出,0.9897273053019164
3287.0,W 87 St & West End Ave,40.789622,-73.97757,851.0,828.0,147.0,46.0,101.0,162.0,247.0,-85.0,早高峰净借出,0.9899768944682639
3324.0,3 Ave & 14 St,40.6685455,-73.99333264,2360.0,2423.0,340.0,240.0,100.0,419.0,470.0,-51.0,早高峰净借出,0.9902240124547466
3596.0,Sullivan Pl & Bedford Ave,40.6642406,-73.9574686,1009.0,1067.0,134.0,35.0,99.0,143.0,217.0,-74.0,早高峰净借出,0.9904686592613643
3342.0,Pioneer St & Richards St,40.6777748,-74.0094613,1158.0,1447.0,178.0,79.0,99.0,158.0,342.0,-184.0,早高峰净借出,0.9907133060679821
3336.0,E 97 St & Madison Ave,40.787801,-73.953559,7238.0,7254.0,1060.0,962.0,98.0,1624.0,1588.0,36.0,早高峰净借出,0.9909554816947351
3309.0,E 97 St & 3 Ave,40.7859201,-73.94860294,2547.0,2509.0,414.0,316.0,98.0,414.0,489.0,-75.0,早高峰净借出,0.9911976573214881
379.0,W 31 St & 7 Ave,40.749156,-73.9916,33540.0,33686.0,6395.0,6297.0,98.0,9787.0,7702.0,2085.0,早高峰净借出,0.9914398329482411
3259.0,9 Ave & W 28 St,40.74937024193277,-73.99923384189606,17886.0,18004.0,1589.0,1493.0,96.0,4296.0,4056.0,240.0,早高峰净借出,0.9916770662152645
3497.0,Pleasant Ave & E 116 St,40.7949879,-73.9333349,7114.0,7203.0,633.0,540.0,93.0,1172.0,1440.0,-268.0,早高峰净借出,0.9919068859426934
3378.0,E 76 St & Park Ave,40.773763,-73.96222088,6344.0,6377.0,1375.0,1282.0,93.0,960.0,929.0,31.0,早高峰净借出,0.9921367056701222
3588.0,Vernon Blvd & 10 St,40.7671863,-73.9373554,2910.0,2923.0,215.0,123.0,92.0,406.0,557.0,-151.0,早高峰净借出,0.9923640542176863
3071.0,Boerum St & Broadway,40.70538077,-73.94976519,3765.0,3789.0,508.0,418.0,90.0,585.0,792.0,-207.0,早高峰净借出,0.9925864604055206
3395.0,Henry St & W 9 St,40.6763744,-74.00324957,925.0,920.0,190.0,100.0,90.0,114.0,186.0,-72.0,早高峰净借出,0.992808866593355
353.0,S Portland Ave & Hanson Pl,40.68539567,-73.97431458,5543.0,5486.0,641.0,552.0,89.0,945.0,1019.0,-74.0,早高峰净借出,0.9930288016013246
3590.0,Carroll St & Franklin Ave,40.6679411,-73.9588,1055.0,1074.0,146.0,57.0,89.0,158.0,194.0,-36.0,早高峰净借出,0.9932487366092941
3243.0,E 58 St & 1 Ave (NE Corner),40.75892386377695,-73.96226227283478,5422.0,5315.0,508.0,419.0,89.0,1365.0,1225.0,140.0,早高峰净借出,0.9934686716172637
3382.0,Carroll St & Smith St,40.680611,-73.99475825,7821.0,7829.0,1541.0,1456.0,85.0,1428.0,1458.0,-30.0,早高峰净借出,0.9936787219057739
3344.0,Pioneer St & Van Brunt St,40.679043,-74.011169,3781.0,4114.0,461.0,379.0,82.0,489.0,727.0,-238.0,早高峰净借出,0.9938813586546896
540.0,Lexington Ave & E 29 St,40.74311555376486,-73.98215353488922,16940.0,17023.0,3134.0,3052.0,82.0,4091.0,3635.0,456.0,早高峰净借出,0.9940839954036055
3063.0,Nostrand Ave & Myrtle Ave,40.69527008,-73.95238108,2168.0,2169.0,191.0,110.0,81.0,333.0,391.0,-58.0,早高峰净借出,0.9942841609726564
3764.0,Bushwick Ave & McKibbin St,40.705517,-73.93936,1464.0,1483.0,168.0,87.0,81.0,234.0,270.0,-36.0,早高峰净借出,0.9944843265417074
3595.0,35 St & Broadway,40.760339,-73.9222427,2472.0,2445.0,232.0,151.0,81.0,382.0,464.0,-82.0,早高峰净借出,0.9946844921107583
3527.0,5 Ave & E 126 St,40.80698,-73.941747,2751.0,2758.0,264.0,187.0,77.0,487.0,585.0,-98.0,早高峰净借出,0.9948747729603499
3415.0,Prospect Pl & 6 Ave,40.6793307,-73.97519523,4260.0,4258.0,668.0,592.0,76.0,776.0,832.0,-56.0,早高峰净借出,0.9950625826300767
298.0,3 Ave & Schermerhorn St,40.68683208,-73.9796772,7345.0,8037.0,962.0,886.0,76.0,1379.0,1658.0,-279.0,早高峰净借出,0.9952503922998035
3121.0,Jackson Ave & 46 Rd,40.74524768,-73.94733276,3131.0,3091.0,275.0,200.0,75.0,587.0,596.0,-9.0,早高峰净借出,0.9954357307896655
3765.0,Bushwick Ave & Stagg St,40.709897,-73.94008,895.0,877.0,113.0,40.0,73.0,110.0,134.0,-24.0,早高峰净借出,0.9956161269197978
3770.0,Central Ave & Flushing Ave,40.702831,-73.9333,2337.0,2368.0,174.0,101.0,73.0,385.0,422.0,-37.0,早高峰净借出,0.9957965230499302
3661.0,Montgomery St & Franklin Ave,40.666439306870814,-73.9605563879013,1097.0,1134.0,193.0,121.0,72.0,109.0,231.0,-122.0,早高峰净借出,0.9959744480001977
3778.0,Irving Ave & DeKalb Ave,40.7027,-73.92095,1379.0,1450.0,122.0,51.0,71.0,129.0,254.0,-125.0,早高峰净借出,0.9961499017706004
3101.0,N 12 St & Bedford Ave,40.72079821,-73.95484712,10033.0,10105.0,1018.0,947.0,71.0,1638.0,1973.0,-335.0,早高峰净借出,0.9963253555410031
3629.0,Adam Clayton Powell Blvd & W 126 St,40.80949534777948,-73.94776493310928,3658.0,3848.0,362.0,294.0,68.0,586.0,728.0,-142.0,早高峰净借出,0.9964933957718113
3662.0,31 Ave & Steinway St,40.761293897289086,-73.916916847229,3577.0,3577.0,281.0,215.0,66.0,687.0,728.0,-41.0,早高峰净借出,0.9966564936428898
3503.0,Madison Ave & E 120 St,40.80295,-73.942954,2125.0,2205.0,320.0,255.0,65.0,331.0,582.0,-251.0,早高峰净借出,0.9968171203341035
3152.0,3 Ave & E 71 St,40.76873687,-73.96119945,3175.0,3148.0,469.0,404.0,65.0,685.0,685.0,0.0,早高峰净借出,0.9969777470253173
3773.0,Knickerbocker Ave & Thames St,40.70539,-73.92976,1654.0,1672.0,132.0,68.0,64.0,272.0,283.0,-11.0,早高峰净借出,0.9971359025366662
3728.0,Pierrepont St & Monroe Pl,40.69535693320225,-73.99344027042389,4243.0,4142.0,605.0,543.0,62.0,723.0,735.0,-12.0,早高峰净借出,0.9972891156882854
3144.0,E 81 St & Park Ave,40.77677702,-73.9590097,1251.0,1248.0,190.0,129.0,61.0,229.0,286.0,-57.0,早高峰净借出,0.9974398576600398
119.0,Park Ave & St Edwards St,40.69608941,-73.97803415,2121.0,2275.0,226.0,167.0,59.0,253.0,348.0,-95.0,早高峰净借出,0.9975856572720645
3512.0,27 Ave & 4 St,40.7747175,-73.9337894,817.0,819.0,96.0,38.0,58.0,169.0,172.0,-3.0,早高峰净借出,0.9977289857042245
3612.0,30 Ave & 21 St,40.7703743,-73.9286078,1715.0,1736.0,195.0,137.0,58.0,318.0,355.0,-37.0,早高峰净借出,0.9978723141363844
3085.0,Roebling St & N 4 St,40.71469,-73.95739,8119.0,8183.0,714.0,660.0,54.0,1327.0,1606.0,-279.0,早高峰净借出,0.9980057578490851
3517.0,31 St & Hoyt Ave N,40.7711528,-73.9170074,1380.0,1396.0,198.0,145.0,53.0,158.0,224.0,-66.0,早高峰净借出,0.9981367303819209
3618.0,27 St & Hunter St,40.7485,-73.941275,3633.0,3633.0,450.0,397.0,53.0,666.0,766.0,-100.0,早高峰净借出,0.9982677029147566
3420.0,Douglass St & 3 Ave,40.6802133,-73.98432695,6570.0,6643.0,1002.0,951.0,51.0,1243.0,1292.0,-49.0,早高峰净借出,0.9983937330878628
3042.0,Fulton St & Utica Ave,40.6794268,-73.9298911,3615.0,3647.0,483.0,435.0,48.0,604.0,656.0,-52.0,早高峰净借出,0.9985123497213745
3392.0,Commerce St & Van Brunt St,40.6812117,-74.00860912,1626.0,1876.0,182.0,135.0,47.0,207.0,389.0,-182.0,早高峰净借出,0.9986284951750213
3701.0,Cliff St & Fulton St (Old),40.70831794366396,-74.00504082441329,5105.0,5193.0,847.0,801.0,46.0,1119.0,1101.0,18.0,早高峰净借出,0.9987421694488033
3409.0,Bergen St & Smith St,40.6867443,-73.99063168,15011.0,15498.0,2070.0,2024.0,46.0,3028.0,2940.0,88.0,早高峰净借出,0.9988558437225854
529.0,W 42 St & 8 Ave,40.7575699,-73.99098507,20289.0,20320.0,1975.0,1932.0,43.0,4732.0,4211.0,521.0,早高峰净借出,0.9989621044567729
423.0,W 54 St & 9 Ave,40.76584941,-73.98690506,14150.0,14282.0,1138.0,1095.0,43.0,3547.0,3652.0,-105.0,早高峰净借出,0.9990683651909604
82.0,St James Pl & Pearl St,40.71117416,-74.00016545,5928.0,6024.0,858.0,815.0,43.0,1206.0,1122.0,84.0,早高峰净借出,0.9991746259251479
280.0,E 10 St & 5 Ave,40.73331967,-73.99510132,15241.0,15301.0,2254.0,2216.0,38.0,3200.0,3152.0,48.0,早高峰净借出,0.9992685307600113
2021.0,W 45 St & 8 Ave,40.75929124,-73.98859651,20109.0,19909.0,1587.0,1552.0,35.0,5787.0,5607.0,180.0,早高峰净借出,0.9993550220552803
310.0,State St & Smith St,40.68926942,-73.98912867,7811.0,7972.0,1307.0,1272.0,35.0,1575.0,1651.0,-76.0,早高峰净借出,0.9994415133505492
407.0,Henry St & Poplar St,40.700469,-73.991454,659.0,551.0,114.0,81.0,33.0,170.0,104.0,66.0,早高峰净借出,0.9995230622860884
3759.0,Irving Ave & Jefferson St,40.70538,-73.92535,2117.0,2154.0,104.0,76.0,28.0,228.0,392.0,-164.0,早高峰净借出,0.9995922553223037
3803.0,Bedford Ave & Montgomery St,40.665816,-73.956934,309.0,345.0,35.0,10.0,25.0,54.0,65.0,-11.0,早高峰净借出,0.9996540348189243
3543.0,Morningside Dr & Amsterdam Ave,40.81028506306003,-73.95736455917358,1307.0,1308.0,194.0,170.0,24.0,269.0,263.0,6.0,早高峰净借出,0.9997133431356802
3254.0,Soissons Landing,40.69231660719192,-74.01486575603485,9783.0,9860.0,43.0,19.0,24.0,476.0,754.0,-278.0,早高峰净借出,0.999772651452436
3401.0,2 Ave & 9 St,40.6724811,-73.99331394,378.0,384.0,62.0,43.0,19.0,65.0,77.0,-12.0,早高峰净借出,0.9998196038698677
3649.0,W 129 St & Convent Ave,40.814394437915816,-73.95324736833572,2321.0,2343.0,266.0,247.0,19.0,388.0,406.0,-18.0,早高峰净借出,0.9998665562872994
3795.0,10 St & 2 Ave,40.671907,-73.993612,923.0,947.0,124.0,108.0,16.0,151.0,155.0,-4.0,早高峰净借出,0.9999060951651366
3810.0,Central Park West & W 82 St,40.782593,-73.971211,524.0,498.0,39.0,28.0,11.0,103.0,108.0,-5.0,早高峰净借出,0.9999332781436497
334.0,W 20 St & 7 Ave,40.74238787,-73.99726235,23739.0,23784.0,3215.0,3206.0,9.0,5781.0,5183.0,598.0,早高峰净借出,0.9999555187624332
447.0,8 Ave & W 52 St,40.76370739,-73.9851615,22457.0,22677.0,3328.0,3320.0,8.0,4901.0,4879.0,22.0,早高峰净借出,0.9999752882013517
3479.0,Picnic Point,40.68512559515415,-74.02535319328308,6666.0,6572.0,43.0,38.0,5.0,334.0,302.0,32.0,早高峰净借出,0.9999876441006759
3716.0,40 Ave & Crescent St,40.7535992020056,-73.93795609474182,929.0,925.0,88.0,84.0,4.0,169.0,155.0,14.0,早高峰净借出,0.9999975288201352
3065.0,Union Ave & Wallabout St,40.70029511,-73.95032283,2817.0,2837.0,350.0,349.0,1.0,465.0,450.0,15.0,早高峰净借出,1.0
